Activity Type,Cabin Camp (Y/N),Summer Camp (Y/N),Valid for 2nd/1st Class (Y/N),Include on Calendar (Y/N),Back Packing (Y/N),Attendence Percentage,Unit Level,Activity Date,Start Time,End Time,Amount (Hours  Miles  etc.),Location,Remarks
Serv Proj,No,No,Yes,Yes,No,0,Troop,10/03/1992,,,1,Canyon H.S.,Crafts Bazaar (see scout rmks)
Hiking,No,No,Yes,Yes,No,0,Troop,10/15/1992,,,5,Lytle Creek,Day Hike/Overnight Campout
Camping,No,No,Yes,Yes,No,0,Troop,11/07/1992,,,2,Irvine Lake,CAMPORALL-CUB SCOUTS
Serv Proj,No,No,Yes,Yes,No,0,Troop,11/20/1992,,,6,Anaheim Hills,Food Drive
Camping,No,No,Yes,Yes,No,0,Troop,03/27/1993,,,2,Joshua Tree,Family Campout
Camping,No,No,Yes,Yes,No,0,Troop,04/23/1993,,,2,Ran. Las Flores,CAMPOREE-BOY SCOUTS
Camping,No,No,Yes,Yes,No,0,Troop,05/01/1993,,,1,L.A. Mountains,Overnight Campout
Hiking,No,No,Yes,Yes,No,0,Troop,05/01/1993,,,10,L.A. Mountains,Backpack
Serv Proj,No,No,Yes,Yes,No,0,Troop,05/23/1993,,,2,Crescent Elem.,PACK 519 Graduation
Serv Proj,No,No,Yes,Yes,No,0,Troop,06/11/1993,,,3,Irvine College,SCOUT-O-RAMA
Serv Proj,No,No,Yes,Yes,No,0,Troop,06/12/1993,,,6,Irvine College,SCOUT-O-RAMA
Camping,No,Yes,Yes,Yes,No,0,Troop,06/27/1993,,,6,Lost Valley,Summer Camp
Serv Proj,No,No,Yes,Yes,No,0,Troop,07/09/1993,,,3,Presb. Church,Cleanup Committee
Serv Proj,No,No,Yes,Yes,No,0,Troop,10/02/1993,,,1,Canyon H.S.,Crafts Bazaar (see scout rmks)
Trng,No,No,Yes,Yes,No,0,Troop,10/23/1993,,,2,C.M. Sea Base,Canoe Training (Merit Badge)
Serv Proj,No,No,Yes,Yes,No,0,Troop,10/30/1993,,,6,Oak Cyn Ntr Ctr,Mark Douglas Eagle Project
Camping,No,No,Yes,Yes,No,0,Troop,11/05/1993,,,1,Camp Moabi,1st Night Canoe Trip
Camping,No,No,Yes,Yes,No,0,Troop,11/06/1993,,,1,Colorado River,2nd Night Canoe Trip
Serv Proj,No,No,Yes,Yes,No,0,Troop,11/11/1993,,,5,Oak Cyn Ntr Ctr,Ryan Schleiger's Eagle Project
Serv Proj,No,No,Yes,Yes,No,0,Troop,11/13/1993,,,3,Anaheim Hills,Food Drive-Drop Bags
Serv Proj,No,No,Yes,Yes,No,0,Troop,11/20/1993,,,3,Anaheim Hills,Food Drive - Pick Up Food Bags
Camping,No,No,Yes,Yes,No,0,Troop,12/04/1993,,,1,Chantry Flats,Overnight Campout
Hiking,No,No,Yes,Yes,No,0,Troop,12/04/1993,,,12,Chantry Flats,Hike
Camping,Yes,No,Yes,Yes,No,0,Troop,01/08/1994,,,1,Snbo Mtns,Ski Trip Jan 8&9/94
Out'g,No,No,Yes,Yes,No,0,Troop,01/08/1994,,,1,Snbo Mtns,Ski Trip Jan 8/94
Out'g,No,No,Yes,Yes,No,0,Troop,01/09/1994,,,1,Snbo Mtns,Ski Trip Jan 9/94
Camping,No,No,Yes,Yes,No,0,Troop,02/26/1994,,,1,Joshua Tree,Car Camp W/Rock Climbing
Serv Proj,No,No,Yes,Yes,No,0,Troop,04/09/1994,,,5,Oak Cyn Nat Ctr,David Piwonka Eagle Project
Camping,No,No,Yes,Yes,No,0,Troop,04/22/1994,,,2,Lost Valley,1994 CAMPOREE
Hiking,No,No,Yes,Yes,No,0,Troop,05/14/1994,,,5,Murray Canyon,Day Hike in Palm Springs
Camping,No,No,Yes,Yes,No,0,Troop,05/28/1994,,,1,L.A. Mountains,Overnight in Cooper's Camp
Camping,No,No,Yes,Yes,No,0,Troop,05/28/1994,,,1,Camp Pendleton,100 Mile Bike Ride W/Overnight
Hiking,No,No,Yes,Yes,No,0,Troop,05/28/1994,,,8,L.A. Mountains,Backpack to Cooper's Canyon
Camping,No,No,Yes,Yes,No,0,Troop,06/04/1994,,,1,San Onofre,Beach Campout
Camping,No,Yes,Yes,Yes,No,0,Troop,07/10/1994,,,6,Lost Valley,Summer Camp
Serv Proj,No,No,Yes,Yes,No,0,Troop,08/13/1994,,,4,Anaheim Hills,David Douglas Eagle Project
Serv Proj,No,No,Yes,Yes,No,0,Troop,10/04/1994,,,1,Canyon H.S.,Crafts Bazaar (see scout rmks)
Camping,No,No,Yes,Yes,No,0,Troop,10/15/1994,,,1,Barton Flats,Car Camp
Serv Proj,No,No,Yes,Yes,No,0,Troop,10/22/1994,,,4,Firestone Camp,Camporall-Cub Scouts
Serv Proj,No,No,Yes,Yes,No,0,Troop,10/22/1994,,,8,Firestone Camp,Camporall-Cub Scouts
Trng,No,No,Yes,Yes,No,0,Troop,10/29/1994,,,2,C.M. Sea Base,Canoe Training (Merit Badge)
Camping,No,No,Yes,Yes,No,0,Troop,11/04/1994,,,1,Camp Moabi,1st Night Canoe Trip
Camping,No,No,Yes,Yes,No,0,Troop,11/05/1994,,,1,Colorado River,2nd Night Canoe Trip
Serv Proj,No,No,Yes,Yes,No,0,Troop,11/12/1994,,,2,Anahein Hills,Food Drive - Drop Bags
Serv Proj,No,No,Yes,Yes,No,0,Troop,11/19/1994,,,2,Anaheim Hills,Food Drive - Pick up Food
Serv Proj,No,No,Yes,Yes,No,0,Troop,01/26/1995,,,1,Crescent Elem.,Recruitment Night Pack 519
Camping,Yes,No,Yes,Yes,No,0,Troop,02/17/1995,,,2,Snbo Mtns,Ski Trip Feb 17 & 18/95
Hiking,No,No,Yes,Yes,No,0,Troop,03/18/1995,,,8,L.A. Mountains,Backpack to Mt. Lowe
Camping,No,No,Yes,Yes,No,0,Troop,04/01/1995,,,1,Calico,Car Camp
Camping,No,No,Yes,Yes,No,0,Troop,04/21/1995,,,2,Lost Valley,1995 CAMPOREE
Camping,No,No,Yes,Yes,No,0,Troop,05/27/1995,,,2,San Jacinto Mtn,Backpack Campout
Hiking,No,No,Yes,Yes,No,0,Troop,05/27/1995,,,20,San Jacinto Mtn,Backpack
Camping,No,No,Yes,Yes,No,0,Troop,06/03/1995,,,1,San Onofre,Beach Campout
Camping,No,No,Yes,Yes,No,0,Troop,07/09/1995,,,6,Cherry Vly Cata,Summer Camp
Serv Proj,No,No,Yes,Yes,No,0,Troop,09/23/1995,,,4,Yorba Regl Park,Marc Janoff Eagle Project
Serv Proj,No,No,Yes,Yes,No,0,Troop,10/07/1995,,,1,Canyon H.S.,Crafts Bazaar(see scout rmks)
Camping,No,No,Yes,Yes,No,0,Troop,10/14/1995,,,1,Heart Bar,Overnight Campout
Hiking,No,No,Yes,Yes,No,0,Troop,11/04/1995,,,5,Lytle Creek,Backpack/Overnight Campout
Camping,No,No,Yes,Yes,No,0,Troop,11/10/1995,,,2,Camp Pendelton,BSA JUBILEE
Camping,Yes,No,Yes,Yes,No,0,Troop,01/19/1996,,,2,Snbo mtns,Ski Trip Jan. 19-21/96
Camping,No,No,Yes,Yes,No,0,Troop,02/17/1996,,,1,Saddleback Stpk,Car Camp
Camping,No,No,Yes,Yes,No,0,Troop,03/09/1996,,,1,Calico,Car Camp
Serv Proj,No,No,Yes,Yes,No,0,Troop,03/16/1996,,,6,Oak Cyn Nat Ctr,Ryan Hogan Eagle Project
Out'g,No,No,Yes,Yes,No,0,Troop,03/30/1996,,,1,March AFB,Air Force Museum Visit
Camping,No,No,Yes,Yes,No,0,Troop,04/20/1996,,,2,Lost Valley,1996 Camporee
Camping,No,No,Yes,Yes,No,0,Troop,05/27/1996,,,2,San Jacinto Mtn,Backpack Campout
Hiking,No,No,Yes,Yes,No,0,Troop,05/27/1996,,,20,San Jacinto Mtn,Backpack
Serv Proj,No,No,Yes,Yes,No,0,Troop,07/18/1996,,,2,Emerald Bay Cat,Service Project at Summer Camp
Camping,No,Yes,Yes,Yes,No,0,Troop,07/20/1996,,,6,Emerald Bay Cat,Summer Camp
Serv Proj,No,No,Yes,Yes,No,0,Troop,10/05/1996,,,1,Canyon H.S.,Crafts Bazaar (see Scout rmks)
Camping,No,No,Yes,Yes,No,0,Troop,10/12/1996,,,1,Heart Bar,Overnight Campout
Hiking,No,No,Yes,Yes,No,0,Troop,10/26/1996,,,4,L.A. Mountains,Day Hike to Fisherman's Camp
Camping,No,No,Yes,Yes,No,0,Troop,11/08/1996,,,1,Camp Moabi,1st Night Canoe Trip
Camping,No,No,Yes,Yes,No,0,Troop,11/09/1996,,,1,Camp Moabi,2nd Night Canor Trip
Serv Proj,No,No,Yes,Yes,No,0,Troop,11/12/1996,,,2,Anaheim Hills,Food Drive - Bag Drop
Serv Proj,No,No,Yes,Yes,No,0,Troop,11/16/1996,,,2,Anaheim Hills,Food Drive - Pick Up Food Bags
Camping,No,No,Yes,Yes,No,0,Troop,03/15/1997,,,2,Joshua Tree,Car Campout
Serv Proj,No,No,Yes,Yes,No,0,Troop,04/06/1997,,,1,Pres. Church,Brian Cooper's Eagle Project
Hiking,No,No,Yes,Yes,No,0,Troop,04/19/1997,,,7,Cedar Springs,Backpack
Camping,No,No,Yes,Yes,No,0,Troop,05/03/1997,,,1,Newberry Sprngs,Car Camp @ Rusthoven's Mom's 
Hiking,No,No,Yes,Yes,No,0,Troop,05/24/1997,,,15,San Jacinto Mtn,Backpack w/Campout
Camping,No,No,Yes,Yes,No,0,Troop,06/07/1997,,,1,Snbo Mtns.,Car Camp @Camp Tahquitz
Camping,No,Yes,Yes,Yes,No,0,Troop,07/13/1997,,,7,Lost Valley,Summer Camp 1997
Serv Proj,No,No,Yes,Yes,No,0,Troop,10/04/1997,,,1,Anaheim Hills,Canyon Bazaar(See Scout Rmks)
Camping,No,No,Yes,Yes,No,0,Troop,11/07/1997,,,2,Colorado River,Canoe trip
Serv Proj,No,No,Yes,Yes,No,0,Troop,11/11/1997,,,2,Anaheim Hills,Food Drive-Bag Drop
Serv Proj,No,No,Yes,Yes,No,0,Troop,11/15/1997,,,2,Anaheim Hills,Food Drive-Pick up Food Bags
Camping,Yes,No,Yes,Yes,No,0,Troop,01/30/1998,,,2,Big Bear Lake,ski trip
Camping,No,No,Yes,Yes,No,0,Troop,02/27/1998,,,2,Joshua Tree,tent camping - rock climbing
Camping,Yes,No,Yes,Yes,No,0,Troop,03/28/1998,,,1,TAHQUITZ,
Hiking,No,No,Yes,Yes,No,0,Troop,04/18/1998,,,10,CEDAR SPRINGS,BACKPACK
Camping,No,No,Yes,Yes,No,0,Troop,04/19/1998,,,2,Cedar Springs,campout
Hiking,No,No,No,Yes,No,0,Troop,04/19/1998,,,5,Cedar Springs,campout
Camping,No,No,Yes,Yes,No,0,Troop,05/02/1998,,,1,NEWBERRY SPR,FAMILY CAMP
Hiking,No,No,Yes,Yes,No,0,Troop,05/25/1998,,,3,San Jacinto ,Cancelled due to snow
Camping,No,No,Yes,Yes,No,0,Troop,06/07/1998,,,1,Carpenteria Bch,tent camping
Camping,No,Yes,Yes,Yes,No,0,Troop,07/05/1998,,,6,Forest Lawn ,Summer Camp
Hiking,No,No,Yes,Yes,No,0,Troop,08/15/1998,,,5,SIERRAS,BACKPACK TENTS
Serv Proj,No,No,Yes,Yes,No,5,Troop,10/03/1998,,,1,CANYON H.S.,Craft Bazaar-see Scout remarks
Hiking,No,No,Yes,Yes,No,0,Troop,10/17/1998,,,6,DEVIL'S SLIDE,BACKPACK
Trng,No,No,Yes,Yes,No,0,Troop,10/24/1998,,,1,BSA Newport Bch,canoe training
Camping,No,No,Yes,Yes,No,0,Troop,11/06/1998,,,2,Park Moabi,canoe trip
Serv Proj,No,No,Yes,Yes,No,0,Troop,11/11/1998,,,2,Anaheim Hills,Food drive
Camping,No,No,Yes,Yes,No,5,Troop,12/12/1998,,,1,Yucaipa Reg. Pk,Family Campout
Camping,Yes,No,Yes,Yes,No,5,Troop,02/05/1999,,,2,Snow Summit,ski trip
Camping,No,No,Yes,Yes,No,5,Troop,02/26/1999,,,3,Joshua Tree,rock climbing
Hiking,No,No,Yes,Yes,No,0,Troop,04/17/1999,,,2,Live Oak Canyon,Backpack
Camping,No,No,Yes,Yes,No,20,Troop,05/01/1999,,,1,NEWBERRY SPRING,FAMILY CAMP
Hiking,No,No,Yes,Yes,No,0,Troop,05/29/1999,,,1,San Jacinto Mnt,backpac 
Camping,No,No,Yes,Yes,No,15,Troop,06/05/1999,,,2,Carpinteria Bch,camp out
Hiking,No,No,Yes,Yes,No,0,Troop,08/06/1999,,,4,Sierras,backpack 4 nights
Serv Proj,No,No,Yes,Yes,No,0,Troop,10/01/1999,,,1,Canyon Bazzar ,see scout remarks
Hiking,No,No,Yes,Yes,No,5,Troop,10/23/1999,,,2,Fish Creek,Backpack
Camping,No,No,Yes,Yes,No,5,Troop,11/05/1999,,,2,Park Moabi,Canoe Trip
Serv Proj,No,No,Yes,Yes,No,5,Troop,02/05/2000,,,3,Anaheim hills,Scouting for food i
Serv Proj,No,No,Yes,Yes,No,0,Troop,02/12/2000,,,1.5,Anaheim Hills,Scouting for food  pick-up
Camping,Yes,No,No,Yes,No,5,Troop,02/25/2000,,,2,Snow Summit,Campout
Camping,No,No,Yes,Yes,No,15,Troop,03/03/2000,,,1,JOSHUA TREE,ROCK CLIMBING
Meeting,No,No,No,Yes,No,46,Troop,03/10/2000,7:30 PM,8:30 PM,,Canyon Hills Pres.,
Serv Proj,No,No,Yes,Yes,No,15,Troop,03/18/2000,,,2,oak canyon,lost child drill
Camping,No,No,Yes,Yes,No,10,Troop,04/01/2000,,,1,Joshua Tree,Backpack
Serv Proj,No,No,Yes,Yes,No,30,Troop,04/08/2000,,,1,OAK CANYON NAT.CT,MARK FARAG EAGLE PROJECT
Camping,No,No,Yes,Yes,No,20,Troop,05/06/2000,,,1,NEWBERRY SPRINGS,
Camping,No,No,Yes,Yes,No,25,Troop,05/19/2000,,,2,Carpinteria beach,
Camping,No,Yes,Yes,Yes,No,35,Troop,07/02/2000,,,6,forest lawn,
Serv Proj,No,No,Yes,Yes,No,15,Troop,10/06/2000,,,2,canyon high schoo,set up
Atten,No,No,No,Yes,No,5,Troop,10/07/2000,,,1,canyon high schl.,canyon bazaar
Out'g,No,No,Yes,Yes,No,20,Troop,10/07/2000,,,1,canyon high schoo,bazaar- fund raiser
Camping,No,No,Yes,Yes,No,20,Troop,11/10/2000,,,2,Park Moabi,canoe trip
Camping,Yes,No,Yes,Yes,No,20,Troop,01/20/2001,,,2,snow summit,cabin camp
Serv Proj,No,No,Yes,Yes,No,10,Troop,02/03/2001,,,4,scouting for food,drop off bags
Serv Proj,No,No,Yes,Yes,No,15,Troop,02/10/2001,,,1,scouting for food,pick-up
Camping,No,No,Yes,Yes,No,15,Troop,05/05/2001,,,2,Josua Tree,Rock Climbing
Camping,No,No,Yes,Yes,No,35,Troop,06/01/2001,,,2,Newberry Springs,family camp
Camping,No,Yes,Yes,Yes,No,55,Troop,07/12/2001,,,6,Cherry valley,Summer camp to Catalina
Camping,No,No,No,Yes,No,25,Troop,11/09/2001,,,2,Park Moabi,canoe trip
Camping,Yes,No,Yes,Yes,No,50,Troop,01/04/2002,,,2,Camp Tahquitz,
Camping,Yes,No,Yes,Yes,No,45,Troop,02/09/2002,,,1,Snow Valley,ski trip
Camping,No,No,Yes,Yes,No,55,Troop,04/20/2002,,,1,Cedar Springs,Backpacking
Camping,No,No,Yes,Yes,No,30,Troop,05/03/2002,,,2,Joshua Tree,backpacking
Camping,No,No,Yes,Yes,No,60,Troop,06/08/2002,,,1,Carpinteria,Beach camp
Camping,No,Yes,Yes,Yes,No,65,Troop,07/14/2002,,,6,Marin Sierra,Summer Camp
Hiking,No,No,Yes,Yes,No,15,Troop,09/21/2002,,,3.6,Anaheim Hills,hiking
Serv Proj,No,No,Yes,Yes,No,30,Troop,10/04/2002,,,2,Canyon High,Holiday Bazaar
COH,No,No,Yes,Yes,No,70,Troop,10/15/2002,7:30 PM,,1,Canyon Hills Presby,Court of Honor
Camping,No,No,Yes,Yes,No,40,Troop,11/08/2002,,,2,Park Moabi,Canoe trip
COH,No,No,Yes,Yes,No,60,Troop,01/18/2003,,,1,Richard Nixon Lib.,Joseph Farag's Eagle COH
Hiking,No,No,Yes,Yes,No,40,Troop,02/01/2003,,,3.6,Anaheim Hills,Day hike
Camping,Yes,No,Yes,Yes,No,5,Troop,02/21/2003,,,2,Snow Valley,Ski Trip
Camping,No,No,Yes,Yes,No,35,Troop,03/22/2003,,,2,Mt. Lowe,Backpacking
Camping,No,No,Yes,Yes,No,50,Troop,05/10/2003,,,2,Joshua Tree,Incl. Conservation Project
ConsvProj,No,No,Yes,Yes,No,35,Troop,05/11/2003,,,0.5,Joshua Tree,Conservation Project
Out'g,No,No,Yes,Yes,No,5,Troop,05/17/2003,,,1,Scout-O-Rama,
Out'g,No,No,Yes,Yes,No,45,Troop,05/17/2003,,,1,HB Bike Trip,
Camping,No,No,Yes,Yes,No,0,Troop,05/30/2003,,,1,Lost Valley SR (OA),OA Ordeal
COH,No,No,Yes,Yes,No,60,Troop,06/17/2003,7:30 PM,,1,Canyon Hills Presby,Cout of Honor
Out'g,No,No,Yes,Yes,No,0,Troop,06/24/2003,,,1,Deep Sea Fishing,Deep Sea Fishing
Serv Proj,No,No,Yes,No,No,5,Troop,07/04/2003,5:30 PM,,2.5,Firecracker 5k/10k,Anaheim Hills
Serv Proj,No,No,Yes,Yes,No,5,Troop,07/05/2003,,,1,Lost Valley,
Camping,No,Yes,Yes,Yes,No,75,Troop,07/06/2003,,,6,Cherry Valley SR,CCV - 2 Outings
Serv Proj,No,No,Yes,Yes,No,50,Troop,08/02/2003,1:00 PM,,0.5,JLTC Service Proj,Junior Leader Training Conference
Serv Proj,No,No,Yes,Yes,No,5,Troop,08/05/2003,,,2,Zach Flaty Eagle,
Camping,No,No,Yes,Yes,No,35,Troop,08/09/2003,0:28 PM,,1,Firestone SR (APPC),
Serv Proj,No,No,Yes,Yes,No,15,Troop,08/23/2003,,,3.5,Oak Canyon Nature C,Charles Riley Service Project
Serv Proj,No,No,Yes,Yes,No,5,Troop,08/29/2003,,,5.5,Todd Eagle Proj Loc,Todd Hooper's Eagle Project
Serv Proj,No,No,Yes,Yes,No,5,Troop,08/30/2003,,,3.5,Todd Eagle Proj Loc,Todd Hooper's Eagle Project
Camping,No,No,Yes,Yes,No,25,Troop,09/27/2003,,,2,Lake Skinner Camp,
Serv Proj,No,No,Yes,Yes,No,30,Troop,10/03/2003,,,2,Bazaar: Canyon High,Setup
Serv Proj,No,No,Yes,Yes,No,5,Troop,10/03/2003,,,4,Nutritian Booth,Worked
Atten,No,No,No,Yes,No,60,Troop,10/04/2003,,,2,canyon high schl.,canyon bazaar
COH,No,No,Yes,Yes,No,80,Troop,10/14/2003,,,1,Canyon Hills Presby,
Camping,No,No,Yes,Yes,No,20,Troop,10/17/2003,,,2,Lake Hesperia Camp,
Camping,No,No,Yes,Yes,No,15,Troop,10/25/2003,,,1,Fish Creek Meadow,Back Pack
Camping,No,No,Yes,Yes,No,40,Troop,11/07/2003,,,2,Firestone SR,with Pack 529
Serv Proj,No,No,Yes,Yes,No,5,Troop,11/15/2003,,,1,Library setup,
COH,No,No,Yes,Yes,No,70,Troop,02/03/2004,7:30 PM,,1,Canyon Hills Presby,
Camping,No,No,Yes,Yes,No,30,Troop,02/07/2004,,,1,Joshua Tree,Indian Cove
Serv Proj,No,No,Yes,Yes,No,60,Troop,02/22/2004,1:00 PM,,0.5,JLTC Service Proj,Junior Leader Training Conference
Camping,Yes,No,Yes,Yes,No,50,Troop,03/05/2004,,,2,Snow Summit,ski trip
Camping,Yes,No,Yes,Yes,No,15,Troop,03/12/2004,,,1,Tachquitz SR,
Meeting,No,No,No,No,No,70,Troop,03/30/2004,7:30 PM,,1,Cyn Hills Presby,
Meeting,No,No,No,No,No,65,Troop,04/13/2004,7:30 PM,,1,Cyn Hills Presby,
Meeting,No,No,No,No,No,75,Troop,04/20/2004,7:30 PM,,1,Cyn Hills Presby,
Serv Proj,No,No,Yes,Yes,No,10,Troop,04/22/2004,,,1.2,scouting for food,pick-up
Camping,No,No,Yes,Yes,No,45,Troop,04/23/2004,5:00 PM,,2,Holcomb Valley SR,Friday - Sunday
Meeting,No,No,No,No,No,70,Troop,04/27/2004,7:30 PM,,1,Cyn Hills Presby,
Camping,No,No,Yes,Yes,No,0,Troop,05/01/2004,7:00 AM,,1,Toolbox Canyon,Backpack/Car Camp
Meeting,No,No,No,No,No,60,Troop,05/04/2004,7:30 PM,,1,Cyn Hills Presby,
Meeting,No,No,No,No,No,0,Troop,05/11/2004,7:30 PM,,1,Cyn Hills Presby,
Meeting,No,No,No,No,No,85,Troop,05/18/2004,7:30 PM,,1,Cyn Hills Presby,
Serv Proj,No,No,Yes,Yes,No,5,Troop,05/21/2004,,,1,Imperial School - M,Working a booth at festival
Serv Proj,No,No,Yes,Yes,No,5,Troop,05/21/2004,,,2,Imperial School - K,Working a booth at Festival
Camping,No,No,Yes,Yes,No,55,Troop,05/22/2004,7:00 AM,,1,Kern River,Whitewater Rafting
Meeting,No,No,No,Yes,No,80,Troop,05/25/2004,7:30 PM,,1,Cyn Hills Presby,
COH,No,No,Yes,Yes,No,0,Troop,06/01/2004,7:30 PM,,1,Cyn Hills Presby,Court of Honor
Camping,No,No,Yes,Yes,No,50,Troop,06/05/2004,7:00 AM,,1,Point Mugu,Beach Camp
Meeting,No,No,No,Yes,No,0,Troop,06/15/2004,7:30 PM,,1,Cyn Hills Presby,1st Summer Camp Meeting
Camping,No,No,Yes,No,No,10,Troop,06/17/2004,8:00 AM,,3,SSR @ LV,Trailblazer's  JLTC
Meeting,No,No,No,Yes,No,0,Troop,06/29/2004,7:30 PM,,1,Cyn Hills Presby,Last Summer Camp Meeting
Camping,No,Yes,Yes,Yes,No,55,Troop,07/04/2004,8:00 AM,,6,Forest Lawn SR,Circle X @ Bighorn (7/4-10)
Serv Proj,No,No,Yes,Yes,No,55,Troop,07/07/2004,,,2,Forest Lawn SR,Trail Repair
Out'g,No,No,Yes,Yes,No,25,Troop,07/16/2004,,,1,Deep Sea Fishing,Deep Sea Fishing
Trng,No,No,Yes,Yes,No,0,Troop,07/31/2004,8:00 AM,,4,NOAC 2004 - ISU,
Trng,No,No,Yes,Yes,No,0,Troop,08/07/2004,7:30 AM,,1,Cypress - Rok Col,Troop JLTC (Jr. Ldr Training)
Trng,No,No,Yes,Yes,No,25,Troop,08/27/2004,,,8,Cyn Hills Presby,Troop JLTC
Meeting,No,No,Yes,Yes,No,5,Troop,08/31/2004,,,1.5,Cyn Hills Presby,Troop Committee Meeting
Meeting,No,No,No,Yes,No,80,Troop,09/14/2004,7:30 PM,,1,Cyn Hills Presby,
Hiking,No,No,Yes,Yes,No,40,Troop,09/19/2004,8:00 AM,,6,Anaheim Hills ,Anaheim Hills Elementary 
Serv Proj,No,No,Yes,Yes,No,5,Troop,09/19/2004,,,1,San Antonio festiva,"cork gun" booth
Meeting,No,No,No,Yes,No,70,Troop,09/21/2004,7:30 PM,,1,Cyn Hills Presby,
Camping,No,No,Yes,Yes,No,25,Troop,09/25/2004,,,1,OA Ordeal,official BSA event
Meeting,No,No,No,Yes,No,40,Troop,09/28/2004,7:30 PM,,1,Cyn Hills Presby,
Atten,No,No,No,Yes,No,80,Troop,10/02/2004,,,2,Bazaar:Canyon high ,Canyon Bazaar
COH,No,No,Yes,Yes,No,85,Troop,10/05/2004,7:30 PM,,1,Cyn Hills Presby,Court of Honor
Camping,Yes,No,No,No,No,0,Troop,10/09/2004,,,2,SSR @ LV ,Woodbadge
Meeting,No,No,No,Yes,No,60,Troop,10/12/2004,7:30 PM,,1,Cyn Hills Presby,
Atten,No,No,No,Yes,No,50,Troop,10/16/2004,,,8,Camporall: Brea,Firestone SR in Brea
Meeting,No,No,No,Yes,No,60,Troop,10/19/2004,7:30 PM,,1,Cyn Hills Presby,
Camping,No,No,No,No,No,0,Troop,10/23/2004,,,2,SSR @ LV,Woodbadge
Meeting,No,No,No,Yes,No,60,Troop,10/26/2004,7:30 PM,,1,Cyn Hills Presby,
Meeting,No,No,No,Yes,No,50,Troop,11/02/2004,7:30 PM,,1,Cyn Hills Presby,
Out'g,No,No,Yes,Yes,No,50,Troop,11/09/2004,6:30 PM,,1,Concourse Bowling ,Concourse Bowling Alley
Hiking,No,No,Yes,No,No,40,Troop,11/13/2004,,,6,Temecula,
Meeting,No,No,No,Yes,No,60,Troop,11/16/2004,6:30 PM,,1,Cyn Hills Presby,PLC Meeting
Serv Proj,No,No,Yes,Yes,No,5,Troop,11/18/2004,,,3,El Rancho Media Ctr,School Bookfair
Meeting,No,No,No,Yes,No,50,Troop,11/23/2004,7:30 PM,,1,Cyn Hills Presby,
Meeting,No,No,No,Yes,No,85,Troop,11/30/2004,7:30 PM,,1,Cyn Hills Presby,
Hiking,No,No,Yes,Yes,No,45,Troop,12/05/2004,8:00 AM,,4,Chino Hills,Backpack Training
Meeting,No,No,No,Yes,No,35,Troop,12/07/2004,7:30 PM,,1,Cyn Hills Presby,
Meeting,No,No,No,Yes,No,85,Troop,12/14/2004,7:30 PM,,1,Cyn Hills Presby,
Serv Proj,No,No,Yes,Yes,No,5,Troop,12/17/2004,,,2.5,Library,Decorating
Meeting,No,No,No,Yes,No,0,Troop,01/11/2005,7:30 PM,,1,Cyn Hills Presby,
Serv Proj,No,No,Yes,Yes,No,35,Troop,01/11/2005,,,1,Local,Trash Pick-up
Serv Proj,No,No,Yes,Yes,No,5,Troop,01/13/2005,,,1,Local,Trash Pick-up
Meeting,No,No,No,Yes,No,50,Troop,01/18/2005,7:30 PM,,1,Cyn Hills Presby,
Serv Proj,No,No,Yes,Yes,No,5,Troop,01/20/2005,,,2,Local,Make cranes
Meeting,No,No,No,Yes,No,70,Troop,01/25/2005,7:30 PM,,1,Cyn Hills Presby,
Camping,Yes,No,Yes,Yes,No,55,Troop,01/28/2005,,,2,Snow Summit,cabin camp
Meeting,No,No,No,Yes,No,60,Troop,02/01/2005,7:30 PM,,1,Cyn Hills Presby,
Meeting,No,No,No,Yes,No,45,Troop,02/08/2005,7:30 PM,,1,Cyn Hills Presby,
Meeting,No,No,No,Yes,No,70,Troop,02/15/2005,7:30 PM,,1,Cyn Hills Presby,
Meeting,No,No,No,Yes,No,65,Troop,02/22/2005,7:30 PM,,1,Cyn Hills Presby,
Camping,No,No,Yes,Yes,No,35,Troop,02/25/2005,,,2,Joshua Tree,Indian Cove
Meeting,No,No,No,Yes,No,60,Troop,03/01/2005,7:30 PM,,1,Cyn Hills Presby,
Serv Proj,No,No,Yes,Yes,No,6,Troop,03/02/2005,,,1.5,Local - Support Music Protes,Support Music Protest
Serv Proj,No,No,Yes,Yes,No,6,Troop,03/05/2005,,,2,Local - Fred Hall Show,Fred Hall Show
Meeting,No,No,No,Yes,No,75,Troop,03/08/2005,7:30 PM,,1,Cyn Hills Presby,
Serv Proj,No,No,Yes,Yes,No,6,Troop,03/12/2005,,,4.5,Local - Canyon Pride Day,Canyon Pride Day
Serv Proj,No,No,Yes,Yes,No,5,Troop,03/12/2005,,,4,El Rancho School,Cleanup Day
Meeting,No,No,No,Yes,No,50,Troop,03/15/2005,7:30 PM,,1,Cyn Hills Presby,
Meeting,No,No,No,Yes,No,50,Troop,03/22/2005,7:30 PM,,1,Cyn Hills Presby,
Meeting,No,No,No,Yes,No,80,Troop,03/29/2005,7:30 PM,,1,Cyn Hills Presby,
Meeting,No,No,No,Yes,No,55,Troop,04/05/2005,7:30 PM,,1,Cyn Hills Presby,
Meeting,No,No,No,Yes,No,90,Troop,04/12/2005,7:30 PM,,1,Cyn Hills Presby,
Camping,No,No,Yes,Yes,No,75,Troop,04/15/2005,,,2,Camporee,Irvine
Meeting,No,No,No,Yes,No,65,Troop,04/19/2005,7:30 PM,,1,Cyn Hills Presby,
Meeting,No,No,No,Yes,No,70,Troop,04/26/2005,7:30 PM,,1,Cyn Hills Presby,
Meeting,No,No,No,Yes,No,60,Troop,05/03/2005,7:30 PM,,1,Cyn Hills Presby,
Meeting,No,No,No,Yes,No,85,Troop,05/10/2005,7:30 PM,,1,Cyn Hills Presby,
Meeting,No,No,No,Yes,No,55,Troop,05/17/2005,7:30 PM,,1,Cyn Hills Presby,
Meeting,No,No,No,Yes,No,75,Troop,05/24/2005,7:30 PM,,1,Cyn Hills Presby,
Meeting,No,No,No,Yes,No,70,Troop,05/31/2005,7:30 PM,,1,Canyon Hills Pres Church,Last Meeting of School Yr
Atten,No,No,No,Yes,No,65,Troop,06/07/2005,7:30 PM,,1,Cyn Hills Presby,Summer Camp Mtg
Out'g,No,No,Yes,Yes,No,30,Troop,06/11/2005,,,1,Deep Sea Fishing,Deep Sea Fishing
Serv Proj,No,No,Yes,Yes,No,5,Troop,06/16/2005,,,3,El Rancho School,Set up for promotion ceremony
Atten,No,No,No,Yes,No,50,Troop,06/21/2005,7:30 PM,,1,Cyn Hills Presby,Summer Camp Meeting
Camping,No,Yes,Yes,Yes,No,45,Troop,07/10/2005,8:00 AM,,6,Forest Lawn SR,Circle X @ Big Horn
Camping,No,No,Yes,Yes,No,40,Troop,07/29/2005,,,2,Point Mugu,Beach Camp
Serv Proj,No,No,Yes,Yes,No,40,Troop,07/31/2005,,,1,Point Mugu,Clean beach
Camping,No,No,Yes,Yes,Yes,20,Troop,11/10/2005,8:00 AM,11:59 PM,1,Fish Creek Backpack,
Camping,Yes,No,Yes,Yes,No,50,Troop,02/10/2006,5:00 PM,12:00 PM,2,Big Bear Ski Trip,Snow Summitt
Camping,No,Yes,Yes,Yes,No,0,Troop,06/25/2006,11:00 AM,11:00 AM,6,Cherry Valley,Catalina Island
Serv Proj,No,No,Yes,Yes,No,5,Troop,07/28/2006,,,1.5,Costco,Shopping for Point Mugu
Camping,No,No,Yes,Yes,No,45,Troop,07/29/2006,,,1,Point Mugu,Beach Camp
Serv Proj,No,No,Yes,Yes,No,45,Troop,07/30/2006,,,1,Point Mugu,Clean Beach
Camping,Yes,No,Yes,Yes,No,50,Troop,12/16/2006,,,1,Tahquitz SR,
Camping,No,No,Yes,Yes,Yes,10,Troop,01/06/2007,,,1,Mt. Lowe Backpacking,
Serv Proj,No,No,Yes,Yes,No,35,Troop,01/13/2007,,,7,Catholic Church,Kurt's Eagle Project
Serv Proj,No,No,Yes,Yes,No,35,Troop,01/13/2007,,,7,Santa Clara De Asis Catholic ,Kurtis's Eagle Project
Camping,Yes,No,Yes,Yes,No,30,Troop,02/09/2007,,,2,Snow Summit,Ski Trip
Serv Proj,No,No,Yes,Yes,No,5,Troop,03/10/2007,8:00 AM,12:00 PM,4,El Rancho Charter School,Vacuum floor
Serv Proj,No,No,Yes,Yes,No,5,Troop,03/25/2007,1:00 PM,2:00 PM,1,Oak Canyon Nature Center,Raking leaves
Camping,No,No,Yes,Yes,No,15,Troop,04/14/2007,,,1,Joshua Tree,Indian Cove
Camping,No,No,Yes,Yes,No,30,Troop,04/28/2007,,,1,Camporee,Brea
Out'g,No,No,Yes,Yes,No,15,Troop,05/05/2007,,,1,Fishing Trip,Boat
Serv Proj,No,No,Yes,Yes,No,25,Troop,09/15/2007,,,8,Elliott's Garage,Elliott's Eagle Project 
Serv Proj,No,No,Yes,Yes,No,25,Troop,09/16/2007,,,3,Elliott's Garage,Elliott's Eagle Project
Serv Proj,No,No,Yes,Yes,No,45,Troop,09/25/2007,,,2,Canyon High Bazaar,Holiday Bazaar
Hiking,No,No,Yes,Yes,No,30,Troop,10/15/2007,9:30 AM,4:00 PM,5,Arroyo Campground,O'Neill Regional Park
Camping,No,No,Yes,Yes,Yes,25,Troop,11/18/2007,8:00 AM,4:00 PM,1,Mt. Baden Powell,5 mile hike
Out'g,No,No,Yes,Yes,No,10,Troop,12/24/2007,4:30 PM,6:30 PM,2,Bowling at the Concourse,
Camping,Yes,No,Yes,Yes,No,40,Troop,02/01/2008,,,2,Snow Summit,Ski Trip 2/1 - 2/3
Hiking,No,No,Yes,Yes,No,30,Troop,03/01/2008,9:00 AM,11:30 PM,3,Anaheim Hills School,Hike behind AH Elementary
Camping,No,No,Yes,Yes,No,38,Troop,03/29/2008,9:00 AM,10:00 AM,1,Featherly Regional Park ,Overnight camping Featherly
Camping,No,No,Yes,Yes,No,38,Troop,04/11/2008,5:00 PM,11:00 AM,2,Brea,Camporee
BackPack,No,No,Yes,Yes,No,2,Troop,04/19/2008,9:00 AM,12:00 PM,1,Mt. Lowe ,Backpacking
Serv Proj,No,No,Yes,Yes,No,4,Troop,05/17/2008,7:00 AM,9:00 AM,2,Scout-O-Rama,Service at Front Gate Scout 0 Rama
Camping,No,No,Yes,Yes,No,67,Troop,06/06/2008,5:00 PM,11:00 AM,2,Joshua Tree NP,Bouldering  Totin Chip  Tt1C
Camping,No,Yes,Yes,Yes,No,58,Troop,06/29/2008,10:00 AM,11:00 AM,6,FLSR Circle X @ Bighorn,FLSR Circle X @ Bighorn
Serv Proj,No,No,Yes,Yes,No,27,Troop,07/07/2008,7:30 PM,4:00 PM,40,Tri-City Park,Boys worked theCub Scout Day Camp 
Hiking,No,No,Yes,Yes,No,45,Troop,07/19/2008,9:00 AM,1:00 PM,4,Crystal Cove,Day hike
Out'g,No,No,Yes,Yes,No,45,Troop,09/11/2008,8:00 PM,2:30 PM,,School,Patriot Day 
Hiking,No,No,Yes,Yes,No,55,Troop,09/28/2008,2:30 PM,6:00 PM,3.5,Chino Hills,Day hike
Serv Proj,No,No,Yes,Yes,No,100,Troop,10/04/2008,,,3,Canyon High Bazaar,Holiday Bazaar and bake sale
Out'g,No,No,Yes,Yes,No,27,Troop,10/18/2008,11:00 AM,6:00 PM,7,Firestone Reservation,Camporall
BackPack,No,No,Yes,Yes,No,0,Troop,10/25/2008,9:30 AM,,1,Aspen Meadows,5 miles
Out'g,No,No,Yes,Yes,No,50,Troop,11/09/2008,10:00 AM,1:00 PM,,Yorba Regional Park,Bike ride to Angels stadium
Meeting,No,No,No,Yes,No,88,Troop,12/02/2008,7:30 PM,8:30 PM,,Canyon Hills Pres Church,
Camping,No,No,Yes,Yes,No,38,Troop,12/06/2008,1:00 PM,12:00 PM,1,O'Neil Regional Park,Webelos-Outdoorsman pin 1 night
Meeting,No,No,No,Yes,No,63,Troop,12/09/2008,7:30 PM,8:30 PM,,Canyon Hills Pres Church,
Meeting,No,No,Yes,Yes,No,38,Troop,12/16/2008,7:30 PM,8:30 PM,,Canyon Hills Pres Church,
Meeting,No,No,No,Yes,No,50,Troop,01/06/2009,7:30 PM,8:30 PM,,Canyon Hills Pres Church,
Out'g,No,No,Yes,Yes,No,50,Troop,01/08/2009,7:30 PM,8:30 PM,,Round Table Meeting,Webelos Recruitment
Meeting,No,No,No,Yes,No,75,Troop,01/13/2009,7:30 PM,8:30 PM,,Canyon Hills Pres Church,
Meeting,No,No,No,Yes,No,75,Troop,01/20/2009,7:30 PM,8:30 PM,,Canyon Hills Pres Church,
Out'g,No,No,Yes,Yes,No,63,Troop,01/24/2009,9:00 AM,4:00 PM,,Rock City,Rock Climbing Merit Badge
Hiking,No,No,Yes,Yes,No,13,Troop,01/25/2009,2:30 PM,3:30 PM,2.5,Anaheim Hills Elementary,Hiking in hills behind AH Elem
Meeting,No,No,No,Yes,No,88,Troop,01/27/2009,7:30 PM,8:30 PM,,Canyon Hills Pres Church,
Meeting,No,No,No,Yes,No,88,Troop,02/03/2009,7:30 PM,8:30 PM,,Canyon Hills Pres Church,
Camping,Yes,No,Yes,Yes,No,38,Troop,02/06/2009,5:00 PM,,1,Snow Summit,2/6/09 - 2/8/09 Ski Trip
Meeting,No,No,No,Yes,No,63,Troop,02/10/2009,7:30 PM,8:30 PM,,Canyon Hills Pres Church,
Other,No,No,No,Yes,No,25,Troop,02/15/2009,3:00 PM,4:30 PM,,Zito's Pizza,Court of Award Planning Meeting
Meeting,No,No,No,Yes,No,75,Troop,02/17/2009,7:30 PM,8:30 PM,,Canyon Hills Pres Church,Court of Honor
Other,No,No,No,Yes,No,38,Troop,02/20/2009,7:00 PM,9:30 AM,,Running Springs Elementary,Blue and Gold Banquet for Pack 546
Other,No,No,No,Yes,No,63,Troop,02/21/2009,5:00 PM,9:00 AM,,Canyon Rim Elementary School,Blue & Gold Banquest Pack 529
Meeting,No,No,No,Yes,No,69,Troop,02/24/2009,7:30 PM,8:30 PM,,Canyon Hills Pres Church,
Camping,No,No,Yes,Yes,No,15,Troop,02/27/2009,6:00 PM,3:00 PM,2,Catalina Island ,Arbor Day Camp Return date 3/1/09
Serv Proj,No,No,No,No,No,15,Troop,02/28/2009,8:00 PM,12:30 PM,7,Catalina Island,Arbor Work Day
Meeting,No,No,No,Yes,No,77,Troop,03/03/2009,7:30 PM,8:30 PM,,Canyon Hills Pres Church,
Hiking,No,No,Yes,Yes,No,31,Troop,03/08/2009,11:00 AM,3:30 PM,5,Crystal Cove,
Meeting,No,No,No,Yes,No,85,Troop,03/10/2009,7:30 PM,8:30 PM,,Canyon Hills Pres Church,
Serv Proj,No,No,Yes,Yes,No,23,Troop,03/14/2009,7:20 AM,5:00 PM,9.5,Oso Lake,Help with Tiger Safari
Meeting,No,No,No,Yes,No,85,Troop,03/17/2009,7:30 PM,8:30 PM,,Canyon Hills Pres Church,
Camping,No,No,Yes,Yes,No,62,Troop,03/21/2009,11:30 AM,11:30 AM,1,O'Neill Regional Park,1 night overnight
Hiking,No,No,Yes,Yes,No,31,Troop,03/21/2009,3:30 PM,5:00 PM,5,O'Neill Regional Park Hike,
Meeting,No,No,No,Yes,No,77,Troop,03/24/2009,7:30 PM,8:30 PM,,Canyon Hills Pres Church,
Meeting,No,No,No,Yes,No,62,Troop,03/31/2009,7:30 PM,8:30 PM,,Canyon Hills Pres Church,
Out'g,No,No,Yes,Yes,No,62,Troop,04/05/2009,12:15 PM,5:00 PM,4.4,Newport Aquatics Center,Kayaking
Meeting,No,No,No,Yes,No,54,Troop,04/07/2009,7:30 PM,8:30 PM,,Canyon Hills Pres Church,
Other,No,No,No,Yes,No,77,Troop,04/09/2009,6:15 PM,8:30 PM,,Roundtable meeting,Work on Camping Merit Badge
Meeting,No,No,No,Yes,No,92,Troop,04/14/2009,7:30 PM,8:30 PM,,Canyon Hills Pres Church,
Camping,No,No,Yes,Yes,No,92,Troop,04/17/2009,4:15 PM,12:00 PM,2,Firestone BS Camp,Camporee
Meeting,No,No,No,Yes,No,0,Troop,04/21/2009,7:30 PM,8:30 PM,,Canyon Hills Pres Church,
Other,No,No,No,Yes,No,54,Troop,04/26/2009,2:00 PM,4:30 PM,,Canyon Hills Pres. Church,Clean out storage bin
Meeting,No,No,No,Yes,No,85,Troop,04/28/2009,7:30 PM,8:30 PM,,Canyon Hills Pres Church,
Meeting,No,No,No,Yes,No,46,Troop,05/05/2009,7:30 PM,8:30 PM,,Canyon Hills Pres Church,
Meeting,No,No,No,Yes,No,77,Troop,05/08/2009,7:30 PM,8:30 PM,,Canyon Hills Pres Church,
Out'g,No,No,Yes,Yes,No,77,Troop,05/16/2009,8:00 PM,4:00 PM,2.5,Silverado Canyon,Scout O Rama
Hiking,No,No,Yes,Yes,No,54,Troop,05/17/2009,9:00 AM,3:00 PM,5,Holy Jim Falls +,1 000 ft elevation
Meeting,No,No,No,Yes,No,62,Troop,05/19/2009,7:30 PM,8:30 PM,,Canyon Hills Pres Church,
Serv Proj,No,No,Yes,Yes,No,17,Troop,05/23/2009,9:00 AM,5:30 PM,8.5,Oso Lake,Service hours at Oso Lake
Meeting,No,No,No,Yes,No,69,Troop,05/26/2009,7:30 PM,8:30 PM,,Canyon Hills Pres Church,
Camping,No,No,Yes,Yes,No,8,Troop,05/29/2009,5:00 PM,2:00 PM,2,Lost Valley,Order of the Arrow
BackPack,No,No,Yes,Yes,No,10,Troop,05/30/2009,8:00 AM,2:00 PM,1,Cedar Springs,5/30 through 5/31
Serv Proj,No,No,Yes,Yes,No,8,Troop,05/30/2009,8:00 PM,4:00 PM,7,Lost Valley,Order of the Arrow Project
Meeting,No,No,No,Yes,No,100,Troop,06/02/2009,7:30 PM,8:30 PM,,Canyon Hills Pres Church,Court of Honor
Hiking,No,No,Yes,Yes,No,17,Troop,06/07/2009,9:00 AM,11:30 AM,2.5,Weir Canyon Trail,
Hiking,No,No,Yes,Yes,No,25,Troop,06/07/2009,9:00 AM,4:00 PM,6,Weir Canyon Trail,
Meeting,No,No,No,Yes,No,67,Troop,06/09/2009,7:30 PM,8:30 PM,,Canyon Hills Pres Church,
Meeting,No,No,No,Yes,No,50,Troop,06/16/2009,7:30 PM,8:30 PM,,Canyon Hills Pres Church,
Meeting,No,No,No,Yes,No,83,Troop,06/23/2009,7:30 PM,8:30 PM,,Canyon Hills Pres Church,
Camping,No,Yes,Yes,Yes,No,67,Troop,06/28/2009,,,6,FSLR Summer Camp,6/28 - 7/4 
Serv Proj,No,No,Yes,Yes,No,8,Troop,07/06/2009,,,19,Outdoor Education Center,Camp scout day camp
Serv Proj,No,No,Yes,Yes,No,33,Troop,07/06/2009,,,33,Outdoor Education Center,Cub Scout Day Camp
Out'g,No,No,No,Yes,No,50,Troop,07/12/2009,9:30 AM,3:00 PM,,Deerfield Park,Frisbee Golf
Meeting,No,No,No,Yes,No,0,Troop,07/14/2009,6:30 PM,8:30 PM,,Eucalyptus Park,
Meeting,No,No,No,Yes,No,42,Troop,07/14/2009,7:00 PM,8:00 PM,,Eucalyptus Park,
Meeting,No,No,No,Yes,No,50,Troop,07/21/2009,7:30 PM,8:30 PM,,Canyon Hills Pres Church,
Meeting,No,No,No,Yes,No,83,Troop,07/28/2009,7:30 PM,8:30 PM,,Canyon Hills Pres Church,
Out'g,No,No,Yes,Yes,No,8,Troop,08/02/2009,8:30 AM,1:00 PM,,Crystal Cove,Mountain biking
Meeting,No,No,No,Yes,No,75,Troop,08/04/2009,7:30 PM,8:30 PM,,Canyon Hills Pres Church,
Meeting,No,No,No,Yes,No,75,Troop,08/11/2009,7:30 PM,8:30 PM,,Canyon Hills Pres Church,
Serv Proj,No,No,Yes,Yes,No,50,Troop,08/18/2009,10:30 AM,2:00 PM,2.5,Featherly Park,Recycling and Trash pick-up
Meeting,No,No,No,Yes,No,58,Troop,08/18/2009,7:30 PM,8:30 PM,,Canyon Hills Pres Church,
Camping,No,No,Yes,Yes,No,58,Troop,08/21/2009,4:00 PM,12:00 PM,2,Oso Lake,
Hiking,No,No,Yes,Yes,No,50,Troop,08/23/2009,9:00 AM,12:00 PM,5.9,Oso Lake trail,
Serv Proj,No,No,Yes,Yes,No,50,Troop,09/05/2009,5:30 AM,9:30 AM,4,Angel Stadium,Cheering for Disney Half Marathon
Meeting,No,No,No,Yes,No,67,Troop,09/08/2009,7:30 PM,8:30 PM,,Canyon Hills Pres Church,
Meeting,No,No,No,Yes,No,83,Troop,09/15/2009,7:30 PM,8:30 PM,,Canyon Hills Pres Church,
Camping,No,No,Yes,Yes,No,62,Troop,09/18/2009,5:00 PM,12:00 PM,2,Newport Dunes Camping,
Out'g,No,No,Yes,Yes,No,0,Troop,09/26/2009,10:00 AM,3:00 PM,,Boomer's,
Meeting,No,No,No,Yes,No,67,Troop,09/29/2009,7:30 PM,8:30 PM,,Canyon Hills Pres Church,Backpack meeting
BackPack,No,No,Yes,Yes,No,10,Troop,10/03/2009,9:15 AM,12:00 PM,1,Backpack trip,Aspen Meadows
Meeting,No,No,No,Yes,No,75,Troop,10/06/2009,7:30 PM,8:30 PM,,Canyon Hills Pres Church,Court of Honor
Serv Proj,No,No,Yes,Yes,No,33,Troop,10/11/2009,9:30 AM,12:30 PM,,Volcom Skate Park,
Meeting,No,No,No,Yes,No,42,Troop,10/13/2009,7:30 PM,8:30 PM,,Canyon Hills Pres Church,
Camping,No,No,Yes,Yes,No,8,Troop,10/16/2009,5:00 PM,12:00 PM,2,Firestone Scout Reservation,Camporall (Friday and Saturday)
Camping,No,No,Yes,Yes,No,8,Troop,10/16/2009,5:00 PM,9:30 AM,1,Firestone Scout Reservation,Camporall (Friday night)
Camping,No,No,Yes,Yes,No,25,Troop,10/17/2009,,,1,Firestone Scout Reservation,Camporall (Saturday)
Meeting,No,No,No,Yes,No,67,Troop,10/20/2009,7:30 PM,8:30 PM,,Canyon Hills Pres Church,
Meeting,No,No,No,Yes,No,69,Troop,10/27/2009,7:30 PM,8:30 PM,,Canyon Hills Pres Church,Halloween Party
Meeting,No,No,No,Yes,No,38,Troop,11/03/2009,7:30 PM,8:30 PM,,Canyon Hills Pres Church,
Overnight,No,No,Yes,Yes,No,69,Troop,11/07/2009,11:00 AM,12:30 PM,,Midway Overnight Trip,
Meeting,No,No,No,Yes,No,69,Troop,11/10/2009,7:30 PM,8:30 PM,,Canyon Hills Pres Church,
Outing,No,No,No,Yes,No,46,Troop,11/15/2009,12:15 AM,1:30 AM,,Ice Palace  Yorba Linda,Broom Hockey
Serv Proj,No,No,Yes,Yes,No,54,Troop,11/15/2009,12:00 PM,4:00 PM,2,Incredible Edible Park,Gleaning (Planted broccoli)
Meeting,No,No,No,Yes,No,38,Troop,11/17/2009,7:30 PM,8:30 PM,,Canyon Hills Pres Church,
Meeting,No,No,No,Yes,No,62,Troop,12/01/2009,7:30 PM,8:30 PM,,Canyon Hills Pres Church,
Hiking,No,No,Yes,Yes,No,62,Troop,12/06/2009,9:00 AM,2:00 PM,3.3,Silverado Canyon Trail,Also attended by Webelos
Meeting,No,No,No,Yes,No,62,Troop,12/08/2009,7:30 PM,8:30 PM,,Canyon Hills Pres Church,
Out'g,No,No,Yes,Yes,No,62,Troop,12/16/2009,6:30 PM,9:00 PM,,Sea Base,Christmas Boat Parade
Meeting,No,No,No,Yes,No,69,Troop,01/05/2010,7:30 PM,8:30 PM,,Canyon Hills Pres Church,
Meeting,No,No,No,Yes,No,0,Troop,01/11/2010,7:30 PM,8:30 PM,,Canyon Hills Pres Church,
Meeting,No,No,No,Yes,No,77,Troop,01/12/2010,7:30 PM,8:30 PM,,Canyon Hills Pres Church,
Camping,No,No,Yes,Yes,No,38,Troop,01/15/2010,5:00 PM,4:00 PM,2,Casper's Park,5 mile hike
Hiking,No,No,Yes,Yes,No,38,Troop,01/16/2010,,,5,Casper's Park,2 night overnight
Meeting,No,No,No,Yes,No,0,Troop,01/18/2010,7:30 PM,8:30 PM,,Canyon Hills Pres Church,
Meeting,No,No,No,Yes,No,77,Troop,01/18/2010,7:30 PM,8:30 PM,,Canyon Hills Pres Church,
Hiking,No,No,Yes,Yes,No,54,Troop,01/22/2010,9:00 AM,4:30 PM,5,Casper's Wilderness Park,
Outing,No,No,No,Yes,No,38,Troop,01/24/2010,10:30 AM,4:00 PM,,Santa Ana River Bed bike ride,beach - 21 1/2 miles
Meeting,No,No,No,Yes,No,69,Troop,02/02/2010,7:30 PM,8:30 PM,,Canyon Hills Pres Church,Court of Honor
Outing,No,No,No,Yes,No,62,Troop,02/05/2010,5:00 PM,5:00 PM,,Big Bear ski weekend,
Meeting,No,No,No,Yes,No,64,Troop,02/08/2010,7:30 PM,8:30 PM,,Canyon Hills Pres Church,
Meeting,No,No,No,Yes,No,13,Troop,02/16/2010,7:30 PM,8:30 PM,,Canyon Hills Pres Church,
Meeting,No,No,No,Yes,No,60,Troop,02/23/2010,7:30 PM,9:00 AM,,Canyon Hills Pres Church,
Serv Proj,No,No,Yes,Yes,No,40,Troop,02/28/2010,,,1,Oso Lake (weeding),
Hiking,No,No,Yes,Yes,No,40,Troop,02/28/2010,8:15 PM,3:00 PM,3,Geocashing at Oso Lake,
Meeting,No,No,No,Yes,No,83,Troop,03/02/2010,7:30 PM,9:00 AM,,Canyon Hills Pres Church,
Other,No,No,No,Yes,No,17,Troop,03/09/2010,3:00 PM,,,Meet the Mayor,
Meeting,No,No,No,Yes,No,80,Troop,03/09/2010,7:30 PM,9:00 AM,,Canyon Hills Pres Church,
Camping,No,No,Yes,Yes,No,23,Troop,03/12/2010,4:30 PM,12:00 PM,2,O'Neill Camping Trip,
Camping,No,No,Yes,Yes,No,37,Troop,03/13/2010,10:30 AM,12:00 PM,1,O'Neill Camping Trip,
Meeting,No,No,No,Yes,No,73,Troop,03/16/2010,7:30 PM,9:00 AM,,Canyon Hills Pres Church,
Meeting,No,No,No,Yes,No,67,Troop,03/23/2010,7:30 PM,9:00 AM,,Canyon Hills Pres Church,
Camping,No,No,Yes,Yes,No,61,Troop,03/26/2010,4:00 PM,2:00 PM,2,Joshua Tree,Rock climbing & Orienteering
Meeting,No,No,No,Yes,No,0,Troop,03/30/2010,7:30 PM,9:00 AM,,Canyon Hills Pres Church,
Meeting,No,No,No,Yes,No,79,Troop,04/06/2010,7:30 PM,9:00 AM,,Canyon Hills Pres Church,
Meeting,No,No,No,Yes,No,61,Troop,04/13/2010,7:30 PM,9:30 AM,,Canyon Hills Pres Church,
Camping,No,No,Yes,Yes,No,22,Troop,04/16/2010,4:00 PM,12:00 PM,2,Camporee at Firestone ,
Meeting,No,No,No,Yes,No,61,Troop,04/20/2010,7:30 PM,9:00 AM,,Canyon Hills Pres Church,
Meeting,No,No,No,Yes,No,93,Troop,04/27/2010,7:30 PM,9:00 AM,,Canyon Hills Pres Church,
Hiking,No,No,Yes,Yes,No,14,Troop,05/02/2010,8:30 PM,2:30 PM,5,Bedford Peak,
Meeting,No,No,No,Yes,No,68,Troop,05/04/2010,7:30 PM,9:00 AM,,Canyon Hills Pres Church,
Hiking,No,No,Yes,Yes,No,21,Troop,05/08/2010,,,,,
Meeting,No,No,No,Yes,No,82,Troop,05/11/2010,7:30 PM,9:00 AM,,Canyon Hills Pres Church,
Other,No,No,No,Yes,No,71,Troop,05/15/2010,,,,Scout O Rama,
Meeting,No,No,No,Yes,No,82,Troop,05/18/2010,7:30 PM,9:00 AM,,Canyon Hills Pres Church,
BackPack,No,No,Yes,Yes,No,13,Troop,05/22/2010,7:00 AM,12:00 PM,1,Cedar Springs,
Meeting,No,No,No,Yes,No,82,Troop,06/01/2010,7:30 PM,9:00 AM,,Canyon Hills Pres Church,
Hiking,No,No,Yes,Yes,No,21,Troop,06/05/2010,7:30 PM,3:00 PM,8,Santa Rosa Plateau,
Meeting,No,No,No,Yes,No,0,Troop,06/08/2010,7:30 PM,9:00 AM,,Canyon Hills Pres. Church,Court of Honor
Serv Proj,No,No,Yes,Yes,No,7,Troop,06/12/2010,9:00 AM,3:00 PM,6,OA Ordeal,
Meeting,No,No,No,Yes,No,75,Troop,06/15/2010,7:30 PM,9:00 AM,,Canyon Hills Pres Church,
Hiking,No,No,Yes,Yes,No,17,Troop,06/19/2010,7:00 AM,4:00 PM,9.5,Sitton Peak ,
Meeting,No,No,No,Yes,No,72,Troop,06/22/2010,7:30 PM,9:00 AM,,Canyon Hills Pres. Church,
Camping,No,Yes,Yes,Yes,No,24,Troop,06/27/2010,11:00 AM,,6,FLSR Summer Camp,
Serv Proj,No,No,Yes,Yes,No,4,Troop,07/05/2010,,,35,Cub Scout Summer Camp,
Serv Proj,No,No,Yes,Yes,No,4,Troop,07/05/2010,,,28,Cub Scout Summer Camp,
Serv Proj,No,No,Yes,Yes,No,4,Troop,07/08/2010,,,5.5,Cub scout day camp,
BackPack,No,No,Yes,Yes,No,8,Troop,07/09/2010,9:00 AM,2:00 PM,2,Big Bear backpacking,
Meeting,No,No,No,Yes,No,0,Troop,07/13/2010,7:30 PM,9:00 AM,,Canyon Hills Pres Church,
Meeting,No,No,No,Yes,No,52,Troop,07/20/2010,7:30 PM,9:00 AM,,Canyon Hills Pres Church,
BackPack,No,No,Yes,Yes,No,8,Troop,07/28/2010,7:00 PM,,5,Yosemite Backpack,28 miles
Meeting,No,No,No,Yes,No,62,Troop,08/03/2010,7:30 PM,9:00 AM,,Canyon Hills Pres. Church,
Meeting,No,No,No,Yes,No,48,Troop,08/10/2010,7:30 PM,9:00 AM,,Canyon Hills Pres. Church,
Serv Proj,No,No,Yes,Yes,No,4,Troop,08/14/2010,11:30 AM,4:00 PM,4.5,Oso Lake working Tomahawk ran,
Meeting,No,No,No,Yes,No,0,Troop,08/17/2010,7:30 PM,9:00 AM,,Canyon Hills Pres. Church,
Serv Proj,No,No,Yes,Yes,No,12,Troop,08/21/2010,8:00 AM,11:00 AM,,OUSD - Softball Fields,
Meeting,No,No,No,Yes,No,68,Troop,08/24/2010,7:30 PM,9:00 AM,,Canyon Hills Pres. Church,
Meeting,No,No,No,Yes,No,59,Troop,08/24/2010,7:30 PM,8:30 PM,,Canyon Hills Pres Church,
Camping,No,No,Yes,Yes,No,18,Troop,08/28/2010,2:00 PM,12:00 PM,1,Casper's Wilderness Park,
Outing,No,No,No,Yes,No,55,Troop,08/29/2010,12:00 PM,4:30 PM,,Newport Aquatics Center,Kayaking
Serv Proj,No,No,Yes,Yes,No,23,Troop,09/05/2010,6:00 AM,9:30 AM,3.5,Angel Stadium,Disney Half Marathon
Serv Proj,No,No,Yes,Yes,No,5,Troop,09/05/2010,10:30 AM,1:30 PM,3,Orange Street Fair ParkingLot,
Meeting,No,No,No,Yes,No,19,Troop,09/07/2010,7:30 PM,8:30 PM,,Canyon Hills Pres Church,
Meeting,No,No,No,Yes,No,67,Troop,09/14/2010,7:30 PM,8:30 PM,,Canyon Hills Pres Church,
Camping,No,No,Yes,Yes,No,4,Troop,09/17/2010,4:00 PM,12:00 PM,2,Oso Lake,
Meeting,No,No,No,Yes,No,0,Troop,09/21/2010,7:30 PM,8:30 PM,,Canyon Hills Pres Church,
Meeting,No,No,No,Yes,No,0,Troop,10/05/2010,7:30 PM,8:30 PM,,Canyon Hills Pres Church,
Atten,No,No,No,Yes,No,48,Troop,10/12/2010,7:30 PM,8:30 PM,,Canyon Hills Pres Church,
Camping,No,No,Yes,Yes,No,33,Troop,10/15/2010,4:00 PM,12:00 PM,2,Firestone Scout Reservation,Camporall
Meeting,No,No,No,Yes,No,0,Troop,10/19/2010,7:30 PM,8:30 PM,,Canyon Hills Pres Church,
Meeting,No,No,No,Yes,No,42,Troop,11/02/2010,7:30 PM,8:30 PM,,Canyon Hills Pres Church,
Meeting,No,No,No,Yes,No,0,Troop,11/09/2010,7:30 PM,8:30 PM,,Canyon Hills Pres Church,
Camping,No,No,Yes,Yes,No,8,Troop,11/12/2010,7:00 AM,12:00 PM,1,Prado Regional Park,Encampment
Camping,No,No,Yes,Yes,No,4,Troop,11/12/2010,7:00 AM,,,Prado Regional Park,Encampment
Camping,No,No,Yes,Yes,No,12,Troop,11/12/2010,7:00 PM,12:00 PM,2,Prado Regional Park,Encampment
Meeting,No,No,No,Yes,No,0,Troop,11/16/2010,7:30 PM,8:30 PM,,Canyon Hills Pres Church,
Out'g,No,No,Yes,Yes,No,39,Troop,12/04/2010,8:00 AM,1:00 PM,,Clark Regional Park,Hike with Webelos and Geology MB
Camping,No,No,Yes,Yes,No,4,Troop,12/14/2010,,,37,Pre troop 538 camping nights,
Hiking,No,No,Yes,Yes,No,4,Troop,12/14/2010,,,66,Pre Troop 538 hiking miles,
Serv Proj,No,No,Yes,Yes,No,4,Troop,12/14/2010,,,21,Pre Troop 538 Service Hours,
Meeting,No,No,No,Yes,No,83,Troop,12/14/2010,7:30 PM,8:30 PM,,Canyon Hills Pres Church,
Meeting,No,No,No,Yes,No,58,Troop,01/04/2011,7:30 PM,8:30 PM,,Canyon Hills Pres Church,
Meeting,No,No,No,Yes,No,79,Troop,01/11/2011,7:30 PM,8:30 PM,,Canyon Hills Pres Church,
Hiking,No,No,Yes,Yes,No,20,Troop,01/22/2011,7:00 PM,2:00 PM,,Casper Day Hike,
Meeting,No,No,No,Yes,No,89,Troop,02/08/2011,7:30 PM,8:30 PM,,Canyon Hills Pres Church,
Hiking,No,No,Yes,Yes,No,0,Troop,02/19/2011,,,,CHH,
Camping,No,No,Yes,Yes,No,41,Troop,03/11/2011,4:00 PM,3:00 PM,2,Falcon Campground,Nice place boys enjoyed
Outing,No,No,No,Yes,No,33,Troop,04/02/2011,6:30 AM,10:30 PM,,Firestone Boys Scout Reservat,Camporee
Meeting,No,No,No,Yes,No,24,Troop,04/12/2011,7:30 PM,8:30 PM,,Canyon Hills Pres. Church ,
Camping,No,No,Yes,Yes,Yes,0,Troop,04/16/2011,,,1,,
Meeting,No,No,No,Yes,No,68,Troop,04/19/2011,7:30 PM,8:30 PM,,Canyon Hills Pres. Church ,
Meeting,No,No,No,Yes,No,65,Troop,05/03/2011,7:30 PM,8:30 PM,,Canyon Hills Pres. Church ,
Meeting,No,No,No,Yes,No,76,Troop,05/10/2011,7:30 PM,8:30 PM,,Canyon Hills Pres. Church ,
Meeting,No,No,No,Yes,No,70,Troop,05/17/2011,7:30 PM,8:30 PM,,Canyon Hills Pres. Church ,
Meeting,No,No,No,Yes,No,70,Troop,05/24/2011,7:30 PM,8:30 PM,,Canyon Hills Pres. Church ,
Camping,No,No,Yes,Yes,No,15,Troop,06/04/2011,10:00 AM,12:00 PM,1,Big Bear Lake,
Meeting,No,No,No,Yes,No,73,Troop,06/07/2011,7:30 PM,8:30 PM,,Canyon Hills Pres. Church ,COH
Meeting,No,No,No,Yes,No,68,Troop,06/14/2011,7:30 PM,8:30 PM,,Canyon Hills Pres. Church ,COH
Meeting,No,No,No,Yes,No,57,Troop,06/21/2011,7:30 PM,8:30 PM,,Canyon Hills Pres. Church ,
Camping,No,Yes,Yes,Yes,No,55,Troop,07/03/2011,11:00 AM,11:00 AM,6,FLSR,
Outing,No,No,No,No,No,11,Troop,07/10/2011,,,,Angels Stadium,Angels Baseball Game
Meeting,No,No,No,Yes,No,0,Troop,07/12/2011,7:30 PM,8:30 PM,,Eucalyptus Park,
Meeting,No,No,No,Yes,No,51,Troop,07/19/2011,7:30 PM,8:30 PM,,Canyon Hills Pres. Church,
Meeting,No,No,No,Yes,No,73,Troop,08/02/2011,7:30 PM,8:30 PM,,Canyon Hills Pres Church,
Meeting,No,No,No,Yes,No,69,Troop,08/09/2011,7:30 PM,8:30 PM,,Canyon Hills Pres. Church,
Meeting,No,No,No,Yes,No,85,Troop,08/16/2011,7:30 PM,8:30 PM,,Canyon Hills Pres. Church,
Meeting,No,No,No,Yes,No,82,Troop,08/23/2011,7:30 PM,8:30 PM,,Canyon Hills Pres. Church,
Serv Proj,No,No,Yes,Yes,No,31,Troop,09/04/2011,5:45 AM,9:45 AM,4,Angel Stadium ,Disneyland Half Marathon 2011
Meeting,No,No,No,Yes,No,95,Troop,09/06/2011,7:30 PM,8:30 PM,,Canyon Hills Pres. Church,Court Of Honor
Camping,No,No,Yes,Yes,No,18,Troop,09/10/2011,4:00 PM,12:00 PM,2,O'Neill Regional Park,Leave No Trace Training
Meeting,No,No,No,Yes,No,79,Troop,09/13/2011,7:30 PM,8:30 PM,,Canyon Hills Pres. Church,
Meeting,No,No,No,Yes,No,0,Troop,09/20/2011,7:30 PM,8:30 PM,,Canyon Hills Pres. Church,
Camping,No,No,Yes,Yes,No,20,Troop,09/23/2011,4:30 PM,12:00 PM,2,Lost Valley - Advancement,Advancement Weekend
Meeting,No,No,No,Yes,No,0,Troop,09/27/2011,7:30 PM,8:30 PM,,Canyon Hills Pres. Church,
Meeting,No,No,No,Yes,No,85,Troop,10/04/2011,7:30 PM,8:30 PM,,Canyon Hills Pres. Church,
Serv Proj,No,No,Yes,Yes,No,33,Troop,10/09/2011,9:00 AM,3:00 PM,,CHPC - Dig hole for air condi,
Meeting,No,No,No,Yes,No,51,Troop,10/11/2011,7:30 PM,8:30 PM,,Canyon Hills Pres. Church,
Camping,No,No,Yes,Yes,No,25,Troop,10/14/2011,4:00 PM,12:00 PM,2,Firestone - Camporall 2011,
Meeting,No,No,No,Yes,No,5,Troop,10/18/2011,7:30 PM,8:30 PM,,Canyon Hills Pres. Church,
Serv Proj,No,No,Yes,Yes,No,2,Troop,10/22/2011,,,,Canyon HS - tennis courts,Ezra Zuidema Star Project
Meeting,No,No,No,Yes,No,61,Troop,11/01/2011,7:30 PM,8:30 PM,,Canyon Hills Pres. Church,
Meeting,No,No,No,Yes,No,0,Troop,11/08/2011,7:30 PM,8:30 PM,,Canyon Hills Pres. Church,
Hiking,No,No,Yes,Yes,No,0,Troop,11/12/2011,,,,,
Meeting,No,No,No,Yes,No,0,Troop,11/15/2011,7:30 PM,8:30 PM,,Canyon Hills Pres. Church,
Camping,No,No,Yes,Yes,No,39,Troop,11/19/2011,8:00 AM,2:00 PM,1,Calico Ghost Town,
Meeting,No,No,No,Yes,No,0,Troop,12/06/2011,7:30 PM,8:30 PM,,Canyon Hills Pres. Church,
Serv Proj,No,No,Yes,Yes,No,6,Troop,12/10/2011,12:00 PM,3:00 PM,3,Jason Mott Eagle Project ,
Meeting,No,No,No,Yes,No,0,Troop,12/13/2011,7:30 PM,8:30 PM,,COH Canyon Hills Pres. Church,
Serv Proj,No,No,Yes,Yes,No,0,Troop,12/17/2011,,,,Orange Canyon Girls softball,Jason Mott Eagle Project
Meeting,No,No,No,Yes,No,84,Troop,01/10/2012,7:30 PM,8:30 PM,,Canyon Hills Pres. Church,
Meeting,No,No,No,Yes,No,85,Troop,01/17/2012,7:30 PM,8:30 PM,,Canyon Hills Pres. Church,
Camping,No,No,Yes,Yes,No,33,Troop,01/20/2012,4:00 PM,12:30 PM,2,Casper's State Park,
Meeting,No,No,No,Yes,No,79,Troop,01/24/2012,7:30 PM,8:30 PM,,Canyon Hills Pres. Church,
Outing,No,No,No,Yes,No,10,Troop,02/04/2012,7:00 AM,7:00 PM,,Snow Summit,Ski Trip
Meeting,No,No,No,Yes,No,71,Troop,02/07/2012,7:30 PM,8:30 PM,,Canyon Hills Pres.Church,
Serv Proj,No,No,Yes,Yes,No,38,Troop,02/11/2012,10:00 AM,4:00 PM,,CHPC - Bench service proj,
Serv Proj,No,No,Yes,Yes,No,19,Troop,02/12/2012,10:10 AM,11:30 AM,,Scout Sunday at CHPC,
Serv Proj,No,No,Yes,Yes,No,27,Troop,02/12/2012,12:00 PM,3:00 PM,,CHPC - Bench Servce proj,Brandon G and Jacob B lead
Meeting,No,No,No,Yes,No,83,Troop,02/14/2012,7:30 PM,8:30 PM,,Canyon Hills Pres. Church,
Meeting,No,No,No,Yes,No,71,Troop,02/21/2012,7:30 PM,8:30 PM,,Canyon Hills Pres. Church,
Meeting,No,No,No,Yes,No,71,Troop,03/06/2012,7:30 PM,8:30 PM,,Canyon Hills Pres. Church COH,
Meeting,No,No,No,Yes,No,94,Troop,03/13/2012,7:30 PM,8:30 PM,,Canyon Hills Pres. Church,
Meeting,No,No,No,Yes,No,85,Troop,03/20/2012,7:30 PM,8:30 PM,,Canyon Hills Pres. Church,
Outing,No,No,No,Yes,No,29,Troop,03/31/2012,9:00 AM,12:00 PM,,Yorba Regional Park,Fishing Merit Badge
Outing,No,No,No,Yes,No,29,Troop,03/31/2012,2:00 PM,4:00 PM,,Oak Canyon Nature Center,2nd class requirements
Meeting,No,No,No,Yes,No,58,Troop,04/03/2012,7:30 PM,8:30 PM,,Canyon Hills Pres. Church,
Meeting,No,No,No,Yes,No,56,Troop,04/10/2012,7:30 PM,8:30 PM,,Canyon Hills Pres. Church,
Hiking,No,No,Yes,Yes,No,0,Troop,04/14/2012,,,,Santiago Peak,
Meeting,No,No,No,Yes,No,0,Troop,04/17/2012,7:30 PM,8:30 PM,,Canyon Hills Pres. Church,
Camping,No,No,Yes,Yes,No,38,Troop,04/20/2012,,,2,Firestone Scout Res.,Camporee
Meeting,No,No,No,Yes,No,0,Troop,04/24/2012,7:30 PM,8:30 PM,,Canyon Hills Pres. Church,
Camping,No,No,Yes,Yes,No,23,Troop,04/25/2012,,,2,LNT - Chino Hills,LNT
BackPack,No,No,Yes,Yes,No,15,Troop,05/05/2012,7:45 AM,3:00 PM,1,Cedar Springs backpacking,Backpacking
Serv Proj,No,No,No,Yes,No,4,Troop,05/05/2012,8:00 AM,2:00 PM,3,Crescent Elementary School,Ethan Varela Garden Service Projec
Serv Proj,No,No,Yes,Yes,No,16,Troop,05/05/2012,8:00 AM,2:00 PM,6,Crescent Elementary School,Ethan Varela Garden Service Projec
Meeting,No,No,No,Yes,No,88,Troop,05/08/2012,7:30 PM,8:30 PM,,Canyon Hills Pres. Church,
Meeting,No,No,No,Yes,No,67,Troop,05/15/2012,7:30 PM,8:30 PM,,Canyon Hills Pres. Church,
Overnight,No,No,Yes,Yes,No,46,Troop,05/19/2012,,,1,USS Midway - San Diego,Museum Overnight
Camping,No,No,Yes,Yes,No,0,Troop,05/19/2012,4:00 PM,12:00 PM,1,USS Midway Museum San Diego,
Meeting,No,No,No,Yes,No,46,Troop,05/22/2012,7:30 PM,8:30 PM,,Canyon Hills Pres. Church,
Meeting,No,No,No,Yes,No,0,Troop,05/29/2012,7:30 PM,8:30 PM,,Canyon Hills Pres. Church,
BackPack,No,No,Yes,Yes,No,10,Troop,06/01/2012,3:00 PM,,2,San  Jacinto,2 Day Backpackers
BackPack,No,No,Yes,Yes,No,19,Troop,06/02/2012,7:00 AM,,1,San Jacinto,1 Day Backpackers
Meeting,No,No,No,Yes,No,19,Troop,06/05/2012,7:30 PM,8:30 PM,,Canyon Hills Pres. Church,
Meeting,No,No,No,Yes,No,25,Troop,06/12/2012,7:30 PM,8:30 PM,,Canyon Hills Pres. Church,
Outing,No,No,No,Yes,No,40,Troop,06/16/2012,1:00 PM,4:00 PM,,Eucalyptus Park,Scout to 1st Class Event
Meeting,No,No,No,Yes,No,46,Troop,06/19/2012,7:30 PM,8:30 PM,,Canyon Hills Pres. Church,
Meeting,No,No,No,Yes,No,0,Troop,06/26/2012,7:30 PM,8:30 PM,,Canyon Hills Pres. Church,
Camping,No,Yes,Yes,Yes,No,45,Troop,06/30/2012,8:00 AM,12:00 PM,5,Cherry Valley Catalina Island,
Meeting,No,No,No,Yes,No,0,Troop,07/10/2012,7:30 PM,8:30 PM,,Canyon Hills Pres. Church,
Meeting,No,No,No,Yes,No,58,Troop,07/17/2012,7:30 PM,8:30 PM,,Canyon Hills Pres. Church,COH
BackPack,No,No,Yes,Yes,No,8,Troop,07/20/2012,3:00 PM,4:00 PM,2,San Gorgonio,Backpacking
Meeting,No,No,No,Yes,No,42,Troop,07/24/2012,7:30 PM,8:30 PM,,Canyon Hills Pres. Church,
Outing,No,No,No,Yes,No,19,Troop,07/28/2012,3:00 PM,7:00 PM,,Irvine Disc Golf Picnic,
Serv Proj,No,No,Yes,Yes,No,31,Troop,07/31/2012,8:45 AM,12:00 PM,3.2,Running Springs Elementary ,Travis Gradijan's Star Project
Meeting,No,No,No,Yes,No,0,Troop,07/31/2012,7:30 PM,8:30 PM,,Canyon Hills Pres. Church,
BackPack,No,No,Yes,Yes,No,13,Troop,08/03/2012,8:00 AM,,5,Yosemite National Park ,Backpacking in Yosemite
Meeting,No,No,No,Yes,No,38,Troop,08/07/2012,7:30 PM,8:30 PM,,Canyon Hills Pres. Church,
Serv Proj,No,No,Yes,Yes,No,17,Troop,08/14/2012,,,,Second Harvest Food Drive,Grant Weber's Star Project
Outing,No,No,No,Yes,No,48,Troop,08/14/2012,7:00 PM,9:00 PM,,Sky-Zone,
Serv Proj,No,No,Yes,Yes,No,31,Troop,08/18/2012,,,,Chino Hills State Park,CJ Writer service project. 
Meeting,No,No,No,Yes,No,0,Troop,08/21/2012,7:30 PM,8:30 PM,,Canyon Hills Pres. Church,
Camping,No,No,Yes,Yes,No,50,Troop,08/24/2012,7:30 PM,12:00 PM,2,Canyon RV Park,Scout to 1st class weekend 
Meeting,No,No,No,Yes,No,0,Troop,08/28/2012,7:30 PM,8:30 PM,,Canyon Hills Pres. Church,
Serv Proj,No,No,Yes,Yes,No,24,Troop,09/02/2012,6:00 AM,10:00 AM,4,Anaheim Stadium,Disneyland Half Marathon Cheer 
Meeting,No,No,No,Yes,No,60,Troop,09/04/2012,7:30 PM,8:30 PM,,Canyon Hills Pres. Church,COH
Outing,No,No,Yes,Yes,No,27,Troop,09/09/2012,9:00 AM,3:00 PM,,Sea Base ,Kayaking  canoeing & paddle board
Meeting,No,No,No,Yes,No,49,Troop,09/11/2012,7:30 PM,8:30 PM,,Canyon Hills Pres. Church,
Serv Proj,No,No,Yes,Yes,No,27,Troop,09/15/2012,8:00 AM,3:30 PM,,Chino Hills State Park,Jesse  Matthew S  Michael B  Mason
Meeting,No,No,No,Yes,No,49,Troop,09/18/2012,7:30 PM,8:30 PM,,Canyon Hills Pres. Church,
Meeting,No,No,No,Yes,No,0,Troop,09/25/2012,7:30 PM,8:30 PM,,Canyon Hills Pres. Church,
Outing,No,No,Yes,Yes,No,2,Troop,10/02/2012,6:30 PM,7:15 PM,,Canyon Hills Pres. Church,Tenderfoot First Aid
Meeting,No,No,No,Yes,No,0,Troop,10/02/2012,7:30 PM,8:30 PM,,Canyon Hills Pres. Church,
Meeting,No,No,No,Yes,No,55,Troop,10/09/2012,7:30 PM,8:30 PM,,Canyon Hills Pres. Church,
Outing,No,No,Yes,Yes,No,0,Troop,10/16/2012,6:30 PM,7:15 PM,,Canyon Hills Pres. Church,Second Class First Aid
Meeting,No,No,No,Yes,No,0,Troop,10/16/2012,7:30 PM,8:30 PM,,Canyon Hills Pres. Church,
Camping,No,No,Yes,Yes,No,33,Troop,10/19/2012,4:00 PM,11:00 AM,2,Firestone Scout Reservation,Camporall
Camping,No,No,Yes,Yes,No,12,Troop,10/19/2012,4:00 PM,11:00 AM,1,Firestone Scout Reservation,Camporall
Meeting,No,No,No,Yes,No,0,Troop,10/23/2012,7:30 PM,8:30 PM,,Canyon Hills Pres. Church,Halloween party
Camping,No,No,Yes,Yes,No,27,Troop,10/26/2012,3:00 PM,2:00 PM,2,Joshua Tree - Indian Cove,Also Climbing Merit Badge
Meeting,No,No,No,Yes,No,0,Troop,10/30/2012,7:30 PM,8:30 PM,,Canyon Hills Pres. Church,
Meeting,No,No,No,Yes,No,24,Troop,11/06/2012,7:30 PM,8:30 PM,,Canyon Hills Pres. Church,
Outing,No,No,Yes,Yes,No,29,Troop,11/11/2012,3:00 PM,7:00 PM,,Canyon Hills Pres. Church,Youth Leadership Training
Meeting,No,No,No,Yes,No,22,Troop,11/13/2012,7:30 PM,8:30 PM,,Canyon Hills Pres. Church,
Serv Proj,No,No,Yes,Yes,No,12,Troop,11/24/2012,1:00 PM,7:00 PM,6,Huntington Beach,Jesse & Matthews Life Serv. Pro.
Outing,No,No,Yes,Yes,No,24,Troop,12/01/2012,1:00 PM,4:30 PM,,Eucalyptus Park/church (Rain),Scout to First Class event
Meeting,No,No,No,Yes,No,0,Troop,12/04/2012,7:30 PM,8:30 PM,,Canyon Hills Pres. Church,
BackPack,No,No,Yes,Yes,No,10,Troop,12/08/2012,7:00 AM,4:00 PM,1,Mt. Wilson (Cedar Springs),Backpacking Trip
Meeting,No,No,No,Yes,No,0,Troop,12/11/2012,7:30 PM,8:30 PM,,Canyon Hills Pres. Church,
Outing,No,No,Yes,Yes,No,22,Troop,12/18/2012,1:30 PM,5:30 PM,4,Anaheim City Hall,cit and comm MB
Outing,No,No,Yes,Yes,No,18,Troop,12/18/2012,1:30 PM,5:30 PM,4,Anaheim - Mayor,Meet the Mayor
Meeting,No,No,No,Yes,No,0,Troop,12/18/2012,7:30 PM,8:30 PM,,Canyon Hills Pres. Church,COH and Christmas Dinner
Meeting,No,No,No,Yes,No,0,Troop,01/08/2013,7:30 PM,8:30 PM,,CHPC,
Camping,No,No,Yes,Yes,No,10,Troop,01/11/2013,4:00 PM,1:00 PM,2,Caspers - two nights,
Camping,No,No,Yes,Yes,No,7,Troop,01/12/2013,8:00 AM,12:00 PM,1,Caspers - One night,
Meeting,No,No,No,Yes,No,0,Troop,01/15/2013,7:30 PM,8:30 PM,,CHPC,
Meeting,No,No,No,Yes,No,0,Troop,01/22/2013,7:30 PM,8:30 PM,,CHPC,
Meeting,No,No,No,Yes,No,0,Troop,02/05/2013,7:30 PM,8:30 PM,,CHPC,
Meeting,No,No,No,Yes,No,0,Troop,02/12/2013,7:30 PM,8:30 PM,,CHPC,
Meeting,No,No,No,Yes,No,0,Troop,02/19/2013,7:30 PM,8:30 PM,,CHPC,
Serv Proj,No,No,Yes,Yes,No,6,Troop,02/23/2013,10:00 AM,4:10 PM,8,CHPC,Grant Weber Life Service Project 
Serv Proj,No,No,Yes,Yes,No,6,Troop,02/23/2013,10:00 AM,4:10 PM,8,CHPC,Grant Weber Life Service Project 
Outing,No,No,Yes,Yes,No,13,Troop,02/24/2013,9:00 AM,11:00 AM,,CHPC - Scout Sunday 2013,Scout Sunday 2013
Serv Proj,No,No,Yes,Yes,No,4,Troop,02/24/2013,11:00 AM,12:00 PM,,CHPC,Grant Weber Life Service Project 
Serv Proj,No,No,Yes,Yes,No,4,Troop,02/24/2013,11:00 AM,1:00 PM,6,CHPC,Grant Weber Life Service Project 
Camping,No,No,Yes,Yes,No,24,Troop,03/02/2013,7:00 AM,1:00 PM,1,O'Neil Park,LNT
Meeting,No,No,No,Yes,No,42,Troop,03/05/2013,7:30 PM,8:30 PM,,CHPC,COH
Hiking,No,No,Yes,No,No,11,Troop,03/09/2013,9:00 AM,12:00 PM,,Anaheim Hills Elementary ,Day Hike
Meeting,No,No,No,Yes,No,46,Troop,03/12/2013,7:30 PM,8:30 PM,,CHPC,
Hiking,No,No,No,Yes,No,0,Troop,03/16/2013,7:00 AM,1:00 PM,,Anaheim Hills - Robber's Peak,Outing Leader George Varela
Outing,No,No,No,Yes,No,37,Troop,03/16/2013,11:00 PM,1:00 AM,4,Broom Ball,Ice Palace
Meeting,No,No,No,Yes,No,46,Troop,03/19/2013,7:30 PM,8:30 PM,,CHPC,
Meeting,No,No,No,Yes,No,0,Troop,04/02/2013,7:00 PM,8:30 PM,,CHPC,
BackPack,No,No,No,Yes,No,26,Troop,04/06/2013,7:00 AM,1:00 PM,1,Cedar Spring,
Meeting,No,No,No,Yes,No,0,Troop,04/09/2013,7:30 PM,8:30 PM,,CHPC,
Outing,No,No,No,Yes,No,0,Troop,04/11/2013,6:00 PM,9:00 PM,,Spaghetti Dinner,
Meeting,No,No,No,Yes,No,0,Troop,04/16/2013,7:30 PM,8:30 PM,,CHPC,
Camping,No,No,Yes,Yes,No,41,Troop,04/19/2013,4:00 PM,12:00 PM,2,Camporee - 2 nights,
Camping,No,No,Yes,Yes,No,4,Troop,04/19/2013,4:00 PM,,1,Camporee - 1 night,
Meeting,No,No,No,Yes,No,0,Troop,04/23/2013,7:30 PM,8:30 PM,,CHPC,
Meeting,No,No,No,Yes,No,0,Troop,05/07/2013,7:30 PM,8:30 PM,,CHPC,
Meeting,No,No,No,Yes,No,49,Troop,05/14/2013,7:30 PM,8:30 PM,,CHPC,
Meeting,No,No,Yes,Yes,No,0,Troop,05/21/2013,7:30 PM,8:30 PM,,CHPC,
BackPack,No,No,Yes,Yes,No,13,Troop,05/25/2013,7:00 AM,3:00 PM,1,San Gorgonio backpacking,
Serv Proj,No,No,Yes,Yes,No,22,Troop,06/02/2013,10:00 AM,12:00 PM,2,Anaheim Hills Neighborhood,Kasra's Land Rush service project
Outing,No,No,Yes,Yes,No,15,Troop,06/02/2013,2:00 PM,3:00 PM,,Jim Bachor's home,Totin' Chip
Meeting,No,No,No,Yes,No,0,Troop,06/04/2013,7:30 PM,8:30 PM,,CHPC,COH
Camping,No,No,Yes,Yes,No,10,Troop,06/08/2013,8:00 AM,1:00 PM,1,Barton Flats in Big Bear,
Meeting,No,No,No,Yes,No,0,Troop,06/11/2013,7:30 PM,8:30 PM,,CHPC,
Meeting,No,No,No,Yes,No,0,Troop,06/18/2013,7:30 PM,8:30 PM,,CHPC,
Outing,No,No,No,Yes,No,0,Troop,06/22/2013,1:00 PM,4:30 PM,0,Eucalyptus Park,Scout to First Class event.
Serv Proj,No,No,Yes,Yes,No,35,Troop,06/26/2013,9:00 AM,12:30 PM,,Running Springs Elementary,John Tran's service project
Camping,No,Yes,Yes,Yes,No,26,Troop,06/30/2013,4:00 AM,4:00 PM,6,Lake Oljato (Huntington Lake),Summer Camp
Meeting,No,No,No,Yes,No,0,Troop,07/09/2013,7:30 PM,8:30 PM,,CHPC,
Meeting,No,No,No,Yes,No,0,Troop,07/16/2013,7:30 PM,8:30 PM,,CHPC,
Meeting,No,No,No,Yes,No,0,Troop,07/23/2013,7:30 PM,8:30 PM,,CHPC,
Serv Proj,No,No,Yes,No,No,18,Troop,07/27/2013,,,,Cook & Ferguson Shelves - 1,Mason & Phillip Service Project 1
Serv Proj,No,No,Yes,Yes,No,0,Troop,08/03/2013,,,,CHPC - Jack's "Steps",Jack Dias' service project
Serv Proj,No,No,Yes,Yes,No,20,Troop,08/03/2013,8:30 PM,11:30 AM,3,CHPC - Jack's "Steps",Jack's Star Service Project
Meeting,No,No,No,Yes,No,0,Troop,08/06/2013,7:30 PM,8:30 PM,,CHPC,
Meeting,No,No,No,Yes,No,0,Troop,08/13/2013,7:30 PM,8:30 PM,,CHPC,
Camping,No,No,Yes,Yes,No,31,Troop,08/16/2013,4:00 PM,12:00 PM,2,Canyon RV - Path to 1st Class,
Meeting,No,No,Yes,Yes,No,37,Troop,08/20/2013,7:30 PM,8:30 PM,1,CHPC,
Meeting,No,No,No,Yes,No,0,Troop,08/20/2013,7:30 PM,8:03 PM,,CHPC,
Serv Proj,No,No,Yes,No,No,16,Troop,08/23/2013,9:00 AM,12:30 PM,3.5,Cook & Ferguson Shelves -  2,Mason & Phillip Service Project 2
Outing,No,No,No,Yes,No,12,Troop,08/25/2013,,,,Rock Climbing,
Serv Proj,No,No,Yes,No,No,22,Troop,09/01/2013,5:45 AM,9:45 AM,4,Anaheim - Disney Cheer!,
Meeting,No,No,Yes,Yes,No,57,Troop,09/03/2013,7:30 PM,8:30 PM,1,CHPC,
Serv Proj,No,No,Yes,Yes,No,0,Troop,09/03/2013,7:30 PM,8:30 PM,,COH - CHPC,
Outing,No,No,No,Yes,No,0,Troop,09/07/2013,9:00 AM,12:00 PM,,Tustin - Hangar ,Tour
Meeting,No,No,Yes,Yes,No,49,Troop,09/10/2013,7:30 PM,8:30 PM,1,CHPC,
Meeting,No,No,No,Yes,No,0,Troop,09/10/2013,7:30 PM,8:30 PM,,CHPC,
Serv Proj,No,No,No,Yes,No,0,Troop,09/14/2013,8:00 PM,10:30 AM,2.5,Running Springs - Ride Rodeo,
Outing,No,No,No,Yes,No,12,Troop,09/16/2013,11:30 AM,3:30 PM,4,Newport Sea Base Kayaking,George Varela
Meeting,No,No,Yes,Yes,No,51,Troop,09/17/2013,7:30 PM,8:30 PM,1,CHPC,
Meeting,No,No,No,Yes,No,0,Troop,09/17/2013,7:30 PM,8:30 PM,,CHPC,Troop Elections
Meeting,No,No,Yes,Yes,No,53,Troop,10/01/2013,7:30 PM,8:30 PM,1,CHPC,
Meeting,No,No,No,Yes,No,0,Troop,10/01/2013,7:30 PM,8:30 PM,,CHPC,
Meeting,No,No,Yes,Yes,No,51,Troop,10/08/2013,7:30 PM,8:30 PM,1,CHPC,
Meeting,No,No,Yes,Yes,No,53,Troop,10/15/2013,7:30 PM,8:30 PM,1,CHPC,
Camping,No,No,Yes,Yes,No,25,Troop,10/18/2013,,,2,Camporall 2013,
Meeting,No,No,Yes,Yes,No,45,Troop,10/29/2013,7:30 PM,8:30 PM,1,CHPC,
Meeting,No,No,Yes,Yes,No,33,Troop,11/05/2013,7:30 PM,8:30 PM,1,CHPC,
Serv Proj,No,No,Yes,Yes,No,27,Troop,11/09/2013,9:00 AM,3:00 PM,6,William Mason Regional Park ,Purple Stride 
Meeting,No,No,Yes,Yes,No,43,Troop,11/12/2013,7:30 PM,8:00 PM,1,CHPC,
Camping,No,No,Yes,Yes,No,14,Troop,11/16/2013,,,1,Calico Ghost Town,Mr. Bachor  Sun   Motamedi
Meeting,No,No,Yes,Yes,No,25,Troop,11/19/2013,7:30 PM,8:30 PM,1,CHPC,
Meeting,No,No,Yes,Yes,No,26,Troop,12/03/2013,7:30 PM,8:00 PM,1,CHPC,
Outing,No,No,Yes,Yes,No,20,Troop,12/19/2013,6:00 PM,10:00 PM,4,Camelot,Joy & Jeff Dutmers
Serv Proj,No,No,Yes,Yes,No,2,Troop,12/21/2013,7:30 AM,12:30 PM,5,Canyon High School,Steven Sihota Service project(5hr)
Serv Proj,No,No,Yes,Yes,No,27,Troop,12/21/2013,8:00 AM,12:00 PM,4,Canyon High School, stevens star service project(4hr)
Serv Proj,No,No,Yes,Yes,No,4,Troop,12/21/2013,10:00 AM,12:00 PM,2,Canyon High School,Steven Sihota Service project(2hr)
Outing,No,No,No,Yes,No,16,Troop,12/29/2013,12:00 PM,4:00 PM,4,Rose Parade,Float decoration
Serv Proj,No,No,Yes,Yes,No,23,Troop,01/04/2014,8:00 AM,10:30 AM,2.5,CHPC,Michael Bachor service project
Serv Proj,No,No,Yes,Yes,No,4,Troop,01/04/2014,8:00 AM,9:00 AM,1,CHPC,Michael service project
Meeting,No,No,Yes,Yes,No,38,Troop,01/07/2014,7:30 PM,8:00 PM,1,CHPC,
Meeting,No,No,Yes,Yes,No,39,Troop,01/14/2014,7:30 PM,8:30 PM,1,CHPC,
Camping,No,No,Yes,Yes,No,4,Troop,01/17/2014,,,1,Joshua Tree,2 mile hike 
Camping,No,No,Yes,Yes,No,30,Troop,01/18/2014,4:00 PM,3:00 PM,2,Joshua Tree, 4 mile hike
Meeting,No,No,Yes,Yes,No,38,Troop,01/21/2014,7:30 PM,8:00 PM,1,CHPC,
Overnight,No,No,Yes,Yes,No,18,Troop,01/31/2014,4:00 PM,12:00 PM,2,LAKE ARROWHEAD,skills & Leadership training 
Meeting,No,No,Yes,Yes,No,49,Troop,02/04/2014,7:30 PM,8:30 PM,1,CHPC,meeting
Meeting,No,No,Yes,Yes,No,53,Troop,02/11/2014,7:30 PM,8:30 PM,1,CHPC,Meeting
BackPack,No,No,Yes,Yes,No,21,Troop,02/15/2014,,,1,Henninger Flats,7 mile hike
Meeting,No,No,Yes,Yes,No,60,Troop,02/18/2014,7:30 PM,8:30 AM,1,CHPC,
Meeting,No,No,Yes,Yes,No,34,Troop,02/25/2014,7:30 PM,8:30 PM,,CHPC,PLC Meeting
Meeting,No,No,Yes,Yes,No,28,Troop,03/02/2014,,,,CHPC,Skill& Leadership training
Meeting,No,No,Yes,Yes,No,51,Troop,03/04/2014,7:30 PM,8:30 PM,1,CHPC,
Meeting,No,No,Yes,Yes,No,53,Troop,03/11/2014,7:30 PM,8:30 PM,1,CHPC,Meeting
BackPack,No,No,Yes,Yes,No,34,Troop,03/15/2014,7:00 AM,8:00 PM,1,Chantry Flats ,9 mile hike
Meeting,No,No,Yes,Yes,No,47,Troop,03/18/2014,7:30 PM,8:30 PM,,CHPC,Meeting
Meeting,No,No,Yes,Yes,No,32,Troop,03/25/2014,7:30 PM,8:30 PM,,CHPC,Meeting
Meeting,No,No,Yes,Yes,No,36,Troop,04/01/2014,7:30 PM,8:30 PM,1,CHPC,spring break low turnout
Hiking,No,No,Yes,Yes,No,26,Troop,04/06/2014,8:00 AM,6:00 AM,10,Bridge To No Where,Day Hike
Meeting,No,No,Yes,Yes,No,66,Troop,04/08/2014,7:30 PM,8:30 PM,1,CHPC,Meetiing
Serv Proj,No,No,Yes,Yes,No,6,Troop,04/09/2014,6:00 PM,9:00 PM,3,Irvine,Men of Honor
Serv Proj,No,No,Yes,Yes,No,4,Troop,04/09/2014,6:00 PM,9:00 PM,3,South Ocounty,Men of Honor
Meeting,No,No,Yes,Yes,No,68,Troop,04/16/2014,7:30 PM,8:30 PM,1,CHPC,meeting ( parent meeting)
Serv Proj,No,No,Yes,Yes,No,9,Troop,04/17/2014,6:00 PM,9:00 PM,3,Irvine Men of honor dinner,Color Guard
Serv Proj,No,No,Yes,Yes,No,13,Troop,04/19/2014,8:00 AM,12:00 PM,4,Beach Clean UP,Beach Clean Up
Meeting,No,No,Yes,Yes,No,70,Troop,04/22/2014,7:30 AM,8:30 AM,,CHPC,meeting
Camping,No,No,Yes,Yes,No,59,Troop,04/24/2014,4:00 AM,,2,Camporee / Firestone,won 3 ribbions
Camping,No,No,Yes,Yes,No,9,Troop,04/25/2014,,,1,Camporee /Firestone,one night
Outing,No,No,No,Yes,No,9,Troop,04/25/2014,4:00 PM,6:00 PM,2,Anaheim hills elementry,help set for family fun night
Meeting,No,No,Yes,Yes,No,60,Troop,05/06/2014,7:30 AM,8:30 AM,1,CHPC,Meeting
Meeting,No,No,Yes,Yes,No,66,Troop,05/13/2014,7:30 AM,8:30 AM,1,CHPC,summer camp MB sign up
Outing,No,No,No,Yes,No,10,Troop,05/16/2014,4:00 PM,2:00 AM,,Mt. San Jancinto,back Pack 2 nights
Meeting,No,No,Yes,Yes,No,66,Troop,05/20/2014,7:30 PM,8:30 PM,,CHPC,
Serv Proj,No,No,Yes,Yes,No,14,Troop,05/31/2014,8:00 AM,2:00 PM,6,Grimes Res,Brandons eagle project
Meeting,No,No,Yes,Yes,No,65,Troop,06/03/2014,7:30 AM,8:30 AM,,CHPC,Troop Elections
Serv Proj,No,No,Yes,Yes,No,11,Troop,06/14/2014,8:00 AM,1:00 PM,5,Byrne Res,Ryan eagle project
Serv Proj,No,No,Yes,Yes,No,4,Troop,06/16/2014,3:30 AM,6:00 AM,2.5,Running Springs Elementry,planting flowers/dalton Dyer
Meeting,No,No,Yes,Yes,No,52,Troop,06/17/2014,7:30 AM,8:30 AM,1,CHPC,Meeting
Meeting,No,No,Yes,Yes,No,0,Troop,07/01/2014,,,,Dark Summer Camp,No Meeting
Camping,No,Yes,Yes,Yes,No,56,Troop,07/04/2014,,,6,FIESTA ISLAND San Diego,Summer Camp/June29th-July5th
Outing,No,No,Yes,Yes,No,64,Troop,07/08/2014,6:30 PM,9:30 PM,,Eucalyptus park Picnic,good turn out 
Meeting,No,No,Yes,Yes,No,41,Troop,07/15/2014,7:30 PM,8:30 PM,1,CHPC,1st meeting after summer camp
Meeting,No,No,No,Yes,No,37,Troop,07/22/2014,7:30 PM,8:30 PM,1,CHPC,19 out of 51+
Meeting,No,No,No,Yes,No,38,Troop,08/05/2014,7:30 PM,8:30 PM,1,CHPC,Handed Summer camp Awards
Outing,No,No,No,Yes,No,21,Troop,08/07/2014,10:30 AM,2:30 PM,4,STEM Expo & Navy Ship Tour,
Meeting,No,No,No,Yes,No,66,Troop,08/12/2014,7:30 PM,8:30 PM,1,CHPC,Ezra & Kasra BOR
Meeting,No,No,No,Yes,No,53,Troop,08/19/2014,7:30 PM,8:30 PM,1,CHPC,
Meeting,No,No,No,Yes,No,60,Troop,09/02/2014,7:30 PM,8:30 PM,1,CHPC,COH was pushed back to next week
Outing,No,No,No,Yes,No,27,Troop,09/06/2014,,,,Reging Waters,
BackPack,No,No,No,Yes,No,23,Troop,09/07/2014,3:00 PM,7:00 PM,4,CHPC  /PLC,PLC yealy planning meeting. 
Meeting,No,No,Yes,Yes,No,47,Troop,09/09/2014,7:30 PM,8:30 PM,1,CHPC,
Serv Proj,No,No,Yes,Yes,No,21,Troop,09/13/2014,8:00 AM,1:00 PM,5,Jesse`s eagle project,Jesse`s Eagle project/ suns 
Meeting,No,No,No,Yes,No,57,Troop,09/16/2014,7:30 PM,8:30 PM,1,CHPC,2 BOR/ tent demo
Meeting,No,No,No,Yes,No,54,Troop,09/23/2014,7:30 PM,8:30 PM,1,CHPC,Bike safety demo by Sam Garson
Camping,No,No,Yes,Yes,No,22,Troop,09/27/2014,7:30 AM,,1,Canyon Hills camp ground,bike trip and camping.
Serv Proj,No,No,Yes,Yes,No,10,Troop,10/03/2014,4:00 PM,8:00 PM,4,Jesse`s Eagle,Sun`s Residence
Outing,No,No,Yes,Yes,No,29,Troop,10/04/2014,10:00 AM,2:00 PM,4,S-2-1st class/ Eucalyptuspark,Ezra Phillip and Jack Dias Inst
Serv Proj,No,No,Yes,Yes,No,7,Troop,10/05/2014,8:00 AM,2:00 PM,6,Jesse`s Eagle Project,Sun`s Residence
Meeting,No,No,No,Yes,No,81,Troop,10/07/2014,7:30 PM,8:30 PM,1,CHPC,MENU PLANNING FOR CAMPORALL
Serv Proj,No,No,Yes,Yes,No,16,Troop,10/10/2014,4:00 PM,7:00 PM,3,Matthew Sun Eagle Project,Sun`s Resdence
Outing,No,No,No,Yes,No,27,Troop,10/11/2014,8:00 AM,2:00 PM,5,Irvine  Park 5 mile hike,Led by joel Garson.
Serv Proj,No,No,Yes,Yes,No,19,Troop,10/12/2014,12:00 PM,6:30 PM,6.3,Matthew`s eagle project,Matthew`s Eagle Project
Meeting,No,No,Yes,Yes,No,60,Troop,10/14/2014,7:00 PM,8:00 PM,1,CHPC,meeting
Camping,No,No,Yes,Yes,No,45,Troop,10/17/2014,4:00 PM,11:00 AM,2,Camporall 2014,  2 nights 2 Irvine Lake
Camping,No,No,Yes,Yes,No,4,Troop,10/18/2014,3:00 PM,11:00 AM,1,Camporall 2014, 1night
Serv Proj,No,No,Yes,Yes,No,6,Troop,10/26/2014,9:00 AM,4:00 PM,7,Matthew`s Eagle Project,Sun`s Residence
Outing,No,No,Yes,Yes,No,30,Troop,10/26/2014,10:00 AM,2:00 PM,4,2015 summer camp fundraiser,Canyon Rim Park
Meeting,No,No,Yes,Yes,No,70,Troop,11/04/2014,7:30 PM,8:30 PM,1,CHPC, menu plan doheny
Camping,No,No,Yes,Yes,No,34,Troop,11/08/2014,,,1,Dohney Beach,SM: Joel Garson  Jhon Fortner 
Meeting,No,No,Yes,Yes,No,62,Troop,11/11/2014,7:30 PM,8:30 PM,1,CHPC,
Meeting,No,No,Yes,Yes,No,51,Troop,11/18/2014,7:30 PM,8:30 PM,1,CHPC,
Serv Proj,No,No,Yes,Yes,No,18,Troop,11/24/2014,9:00 AM,4:00 PM,7,Braile Institute ,Jessie & Matthew SunEagle project
Meeting,No,No,Yes,Yes,No,57,Troop,12/02/2014,7:30 PM,8:30 PM,1,CHPC,
Meeting,No,No,Yes,Yes,No,52,Troop,12/09/2014,7:30 PM,9:30 PM,2,CHPC / COH,Eagle COH Ryan& Brandon
Outing,No,No,No,Yes,No,9,Troop,12/14/2014,10:00 AM,2:00 PM,4,Rock climbing,
Meeting,No,No,Yes,Yes,No,43,Troop,12/16/2014,7:30 PM,9:00 AM,1.3,CHPC,Xmas pot luck
Serv Proj,No,No,Yes,Yes,No,21,Troop,12/28/2014,6:30 AM,4:30 PM,10,Rose Bowl,decorate floats for rose parade 
Serv Proj,No,No,Yes,Yes,No,3,Troop,12/28/2014,11:30 PM,4:30 PM,5,Rose Bowl,decorate floats
Outing,No,No,Yes,Yes,No,23,Troop,01/19/2015,6:00 AM,6:00 PM,12,Big Bear Ski,annual ski trip
Meeting,No,No,Yes,Yes,No,48,Troop,01/20/2015,7:30 PM,8:30 PM,1,CHPC,meeting
Outing,No,No,Yes,Yes,No,23,Troop,01/24/2015,7:00 PM,9:00 PM,2,Cross over #546,Running Springs Ele
Meeting,No,No,Yes,Yes,No,24,Troop,01/27/2015,7:30 PM,8:30 PM,1,CHPC,PLC/ COmmittee meeting
Overnight,No,No,Yes,Yes,No,19,Troop,01/30/2015,,,2,Lake Arrowhead,PLC campout
Meeting,No,No,Yes,Yes,No,75,Troop,02/03/2015,7:30 PM,8:30 PM,1,CHPC,New Scouts 1 Day
Meeting,No,No,Yes,Yes,No,80,Troop,02/10/2015,7:30 PM,8:30 PM,1,CHPC,Death Vally parent meeting
Camping,No,No,Yes,Yes,Yes,48,Troop,02/14/2015,,,2,Death Vally,29scout/2 parent patrols
Meeting,No,No,Yes,Yes,No,79,Troop,02/17/2015,7:30 PM,8:30 PM,1,CHPC,Elections!!!
Overnight,No,No,Yes,Yes,No,31,Troop,02/28/2015,,,1,USS Iowa,Mr. cook outing leader
Meeting,No,No,Yes,Yes,No,80,Troop,03/03/2015,7:30 PM,9:00 PM,1.3,CHPC,BOR/new scouts/
Outing,No,No,No,Yes,No,5,Troop,03/04/2015,6:30 PM,9:30 PM,3,Ducks game,leader Mr.cook
Meeting,No,No,Yes,Yes,No,77,Troop,03/10/2015,7:30 PM,9:00 PM,1.3,CHPC,backpack menu
BackPack,No,No,Yes,Yes,No,23,Troop,03/14/2015,,,1,Cooper Canyon,Leader Joel Garson 7mile hike!
Meeting,No,No,Yes,Yes,No,72,Troop,03/17/2015,7:30 PM,9:00 PM,1.3,CHPC,BOR
BackPack,No,No,Yes,Yes,No,11,Troop,03/18/2015,4:30 PM,6:30 PM,2,AbilityFirst/ disability MB,Leader: Ann Tran 
Meeting,No,No,Yes,Yes,No,72,Troop,03/24/2015,7:30 PM,9:00 PM,1.3,CHPC,COH/ Mark Ochoa/steven
Outing,No,No,No,Yes,No,26,Troop,03/27/2015,5:45 PM,8:00 PM,2.1,Fullerton  / laser quest,Jeff Dutmer leader
Meeting,No,No,Yes,Yes,No,69,Troop,04/07/2015,7:30 PM,9:00 PM,1.3,CHPC,
Meeting,No,No,Yes,Yes,No,26,Troop,04/12/2015,1:00 PM,5:30 PM,4.5,CHPC,LNT meeting
Meeting,No,No,Yes,Yes,No,74,Troop,04/14/2015,7:30 PM,9:00 PM,1.3,CHPC,prep Camporee
Serv Proj,No,No,Yes,Yes,No,15,Troop,04/15/2015,5:00 PM,8:00 PM,3,Irvine  CA,color guard/ men of honor
Camping,Yes,No,Yes,Yes,No,67,Troop,04/17/2015,4:00 PM,9:00 AM,2,Camproee 2015,2 Nights Fire stone
Camping,Yes,No,Yes,Yes,No,10,Troop,04/17/2015,4:00 PM,11:00 AM,1,Campoeel 2015,1 night / Fire stone
Meeting,No,No,Yes,Yes,No,79,Troop,04/21/2015,7:30 PM,9:00 PM,1.3,CHPC,
Meeting,No,No,Yes,Yes,No,27,Troop,04/26/2015,7:30 PM,9:00 PM,1.3,CHPC,PLC / Comittee meeting
Meeting,No,No,Yes,Yes,No,25,Troop,04/28/2015,7:30 PM,9:00 PM,1.3,CHPC,PLC / committee meeting
Outing,No,No,No,Yes,No,31,Troop,05/03/2015,1:00 PM,5:00 PM,4,Scout 2 first class,Scout 2 First class
Meeting,No,No,Yes,Yes,No,66,Troop,05/05/2015,7:30 PM,9:00 PM,1.3,CHPC,meerting
Meeting,No,No,Yes,Yes,No,64,Troop,05/12/2015,7:30 PM,9:00 PM,1.3,CHPC,meeting
Meeting,No,No,Yes,Yes,No,69,Troop,05/18/2015,7:30 PM,8:30 PM,1,CHPC,backpack /prep
Meeting,No,No,Yes,Yes,No,75,Troop,05/19/2015,7:30 PM,9:00 PM,1.3,CHPC,
BackPack,No,No,Yes,Yes,No,18,Troop,05/24/2015,,,1,Devil`s Canyon ,Backpack trip Joel Garson
Outing,No,No,No,Yes,No,29,Troop,05/31/2015,7:00 PM,7:00 PM,12,BTN,bridfe to no Where
Meeting,No,No,Yes,Yes,No,60,Troop,06/02/2015,7:30 PM,9:00 PM,1.3,CHPC,
Meeting,No,No,Yes,Yes,No,58,Troop,06/06/2015,7:30 PM,8:30 PM,1,CHPC,Meeting
Meeting,No,No,Yes,Yes,No,53,Troop,06/09/2015,7:30 PM,9:00 PM,1.3,CHPC,Meeting
BackPack,No,No,Yes,Yes,No,20,Troop,06/17/2015,,,4,Cottonwood,back pack trip 
Meeting,No,No,Yes,Yes,No,31,Troop,06/23/2015,7:30 PM,9:00 PM,1.3,CHPC,Meeting
Outing,No,No,No,Yes,No,20,Troop,06/27/2015,12:00 PM,2:00 PM,2,Eucalyptus Park,Mr. Jim Bachor
Camping,No,No,Yes,Yes,No,53,Troop,07/05/2015,,,6,FLSR /Summer Camp,Summer Camp
Outing,No,No,No,Yes,No,56,Troop,07/14/2015,6:00 PM,9:00 PM,3, Picnic/ Eucalyptus Park,annual picnic/ Varela`s
BackPack,No,No,Yes,Yes,No,10,Troop,07/18/2015,,,7,Havasupi,7 day backpck/ J.Garson
Meeting,No,No,Yes,Yes,No,49,Troop,07/21/2015,7:30 PM,9:00 PM,1.3,CHPC,Meeting
Meeting,No,No,Yes,Yes,No,25,Troop,07/28/2015,7:30 PM,9:00 AM,1.3,CHPC,PLC / Committee
Serv Proj,No,No,Yes,Yes,No,22,Troop,08/01/2015,9:00 AM,4:00 PM,8.5,Kasaras Eagle Project,Kasras Eagle project
Meeting,No,No,Yes,Yes,No,61,Troop,08/04/2015,7:30 PM,9:00 PM,1.3,CHPC,Meeting
Serv Proj,No,No,Yes,Yes,No,14,Troop,08/08/2015,9:00 AM,1:30 PM,4.3,Running Springs Elementry,Help clean  organize and recycle
Meeting,No,No,Yes,Yes,No,19,Troop,08/09/2015,8:00 AM,4:00 PM,7,Ryan Schellase Eagle,2 day santa ana zoo
Meeting,No,No,Yes,Yes,No,12,Troop,08/10/2015,9:00 AM,1:00 PM,4,Ryan Schellase Eagle,2nd day Zoo
Meeting,No,No,Yes,Yes,No,51,Troop,08/11/2015,7:30 PM,9:00 PM,1.3,CHPC,
Meeting,No,No,Yes,Yes,No,54,Troop,08/18/2015,7:30 PM,9:00 PM,1.3,CHPC,
Meeting,No,No,Yes,Yes,No,27,Troop,08/25/2015,7:30 PM,8:20 PM,1,CHPC PLC/comm,plc/ committee meeting
Serv Proj,No,No,Yes,Yes,No,15,Troop,08/29/2015,9:00 AM,6:00 PM,9,Blind children Learning cen,Santa Ana
Meeting,No,No,Yes,Yes,No,64,Troop,09/01/2015,7:30 PM,9:00 PM,1.3,CHPC,Meeting
Meeting,No,No,Yes,Yes,No,69,Troop,09/08/2015,7:30 PM,9:00 PM,1.3,CHPC,Meeting
Meeting,No,No,Yes,Yes,No,24,Troop,09/13/2015,1:00 PM,5:30 PM,4.3,CHPC,PLC Annual Meeting!!!
Meeting,No,No,Yes,Yes,No,63,Troop,09/15/2015,7:30 PM,9:00 PM,1.3,CHPC,Meeting
BackPack,No,No,Yes,Yes,No,71,Troop,09/22/2015,7:30 PM,9:00 PM,1.3,CHPC,meeting
Meeting,No,No,Yes,Yes,No,34,Troop,09/29/2015,7:30 PM,8:30 PM,1,CHPC,PLC/ COMMITTEE
Meeting,No,No,Yes,Yes,No,67,Troop,10/06/2015,7:30 PM,9:30 PM,2,CHPC,COR for summer camp 2015
